学校规模分类,学校ID,学校名称,标准部门编码,标准部门,管理部门(原),一级管理部门编码,一级管理部门,二级管理部门,管理项目,产品体系,产品品类,年级序数,科目,产品品牌,学习阶段,留学阶段,针对人群,项目,班级编号,班级名称,班级状态,开课日期,实际开课日期,实际结课日期,标准人数,当前人数,主教学区,教学区,季度,业务归属年,开课财季,开课财年,所属财年,年,月份,财年,财季,财月,班级归属开始季度(四季),班级归属开始季度(分春上春下),期末预收款总额,结转收入(含税),累计结转收入(含税),结课收入,期末预收款余额,当期实现收入(不含税),当期应交销项税,累计实现收入(不含税),累计应交销项税,本月结转课时,共计课时(分钟),当期完成课时(分钟),当期累计完成课时(分钟),未完成课时(分钟),当月全部结束课次,全部结束课次,系统来源,课程产品名称,班容类型,产品分类,产品分类名称
NULL,1248,香港国际教育,30,国外考试部,,2200037560,香港国际教育培训中心,,初中,常规体系,IELTS,不区分,口语,,,,,,LP17571609342483,,,,,,,,香港国际教育旺角留学考试中心,香港国际教育旺角留学考试中心,"寒假,春季,暑假,秋季",,,,,2025,202509,2026,20262,202604,,,,3177.78,,,,3177.78,0,,,4,1080,240,480,600,,,高端,,,10202,1对1课时包
NULL,1248,香港国际教育,30,国外考试部,,2200037560,香港国际教育培训中心,,初中,常规体系,IELTS,不区分,听力,,,,,,LP17571609342483,,,,,,,,香港国际教育旺角留学考试中心,香港国际教育旺角留学考试中心,"寒假,春季,暑假,秋季",,,,,2025,202509,2026,20262,202604,,,,3177.78,,,,3177.78,0,,,4,1080,240,480,600,,,高端,,,10202,1对1课时包
NULL,1248,香港国际教育,30,国外考试部,,2200037560,香港国际教育培训中心,,初中,常规体系,IELTS,不区分,写作,,,,,,LP17578522212552,,,,,,,,香港国际教育旺角留学考试中心,香港国际教育旺角留学考试中心,"寒假,春季,暑假,秋季",,,,,2025,202510,2026,20262,202605,,,,1616.67,,,,1616.67,0,,,2,600,120,480,120,,,高端,,,10202,1对1课时包
NULL,1248,香港国际教育,30,国外考试部,,2200037560,香港国际教育培训中心,,初中,常规体系,IELTS,不区分,口语,,,,,,LP17571609342483,,,,,,,,香港国际教育旺角留学考试中心,香港国际教育旺角留学考试中心,"寒假,春季,暑假,秋季",,,,,2025,202510,2026,20262,202605,,,,1588.89,,,,1588.89,0,,,2,1080,120,840,240,,,高端,,,10202,1对1课时包
NULL,1248,香港国际教育,30,国外考试部,,2200037560,香港国际教育培训中心,,初中,常规体系,IELTS,不区分,口语,,,,,,LP17578522212552,,,,,,,,香港国际教育旺角留学考试中心,香港国际教育旺角留学考试中心,"寒假,春季,暑假,秋季",,,,,2025,202510,2026,20262,202605,,,,1616.67,,,,1616.67,0,,,2,600,120,480,120,,,高端,,,10202,1对1课时包
NULL,1248,香港国际教育,30,国外考试部,,2200037560,香港国际教育培训中心,,初中,常规体系,IELTS,不区分,听力,,,,,,LP17578522212552,,,,,,,,香港国际教育旺角留学考试中心,香港国际教育旺角留学考试中心,"寒假,春季,暑假,秋季",,,,,2025,202510,2026,20262,202605,,,,1616.67,,,,1616.67,0,,,2,600,120,480,120,,,高端,,,10202,1对1课时包
NULL,1248,香港国际教育,30,国外考试部,,2200037560,香港国际教育培训中心,,初中,常规体系,IELTS,不区分,阅读,,,,,,LP17571609342483,,,,,,,,香港国际教育旺角留学考试中心,香港国际教育旺角留学考试中心,"寒假,春季,暑假,秋季",,,,,2025,202510,2026,20262,202605,,,,3177.78,,,,3177.78,0,,,4,1080,240,840,240,,,高端,,,10202,1对1课时包
NULL,1248,香港国际教育,30,国外考试部,,2200037560,香港国际教育培训中心,,初中,常规体系,IELTS,不区分,阅读,,,,,,LP17578522212552,,,,,,,,香港国际教育旺角留学考试中心,香港国际教育旺角留学考试中心,"寒假,春季,暑假,秋季",,,,,2025,202510,2026,20262,202605,,,,1616.66,,,,1616.66,0,,,2,600,120,480,120,,,高端,,,10202,1对1课时包
NULL,1248,香港国际教育,30,国外考试部,,2200037560,香港国际教育培训中心,,初中,常规体系,IELTS,不区分,写作,,,,,,LP17614646601376,,,,,,,,香港国际教育旺角留学考试中心,香港国际教育旺角留学考试中心,"寒假,春季,暑假,秋季",,,,,2025,202511,2026,20262,202606,,,,3177.78,,,,3177.78,0,,,4,1080,240,600,480,,,高端,,,10202,1对1课时包
NULL,1248,香港国际教育,30,国外考试部,,2200037560,香港国际教育培训中心,,初中,常规体系,IELTS,不区分,口语,,,,,,LP17571609342483,,,,,,,,香港国际教育旺角留学考试中心,香港国际教育旺角留学考试中心,"寒假,春季,暑假,秋季",,,,,2025,202511,2026,20262,202606,,,,1588.88,,,,1588.88,0,,,2,1080,120,1080,0,,,高端,,,10202,1对1课时包
NULL,1248,香港国际教育,30,国外考试部,,2200037560,香港国际教育培训中心,,初中,常规体系,IELTS,不区分,口语,,,,,,LP17614646601376,,,,,,,,香港国际教育旺角留学考试中心,香港国际教育旺角留学考试中心,"寒假,春季,暑假,秋季",,,,,2025,202511,2026,20262,202606,,,,1588.89,,,,1588.89,0,,,2,1080,120,600,480,,,高端,,,10202,1对1课时包
NULL,1248,香港国际教育,30,国外考试部,,2200037560,香港国际教育培训中心,,初中,常规体系,IELTS,不区分,听力,,,,,,LP17578522212552,,,,,,,,香港国际教育旺角留学考试中心,香港国际教育旺角留学考试中心,"寒假,春季,暑假,秋季",,,,,2025,202511,2026,20262,202606,,,,1616.67,,,,1616.67,0,,,2,600,120,600,0,,,高端,,,10202,1对1课时包
NULL,1248,香港国际教育,30,国外考试部,,2200037560,香港国际教育培训中心,,初中,常规体系,IELTS,不区分,听力,,,,,,LP17571609342483,,,,,,,,香港国际教育旺角留学考试中心,香港国际教育旺角留学考试中心,"寒假,春季,暑假,秋季",,,,,2025,202511,2026,20262,202606,,,,1588.89,,,,1588.89,0,,,2,1080,120,1080,0,,,高端,,,10202,1对1课时包
NULL,1248,香港国际教育,30,国外考试部,,2200037560,香港国际教育培训中心,,初中,常规体系,IELTS,不区分,听力,,,,,,LP17614646601376,,,,,,,,香港国际教育旺角留学考试中心,香港国际教育旺角留学考试中心,"寒假,春季,暑假,秋季",,,,,2025,202511,2026,20262,202606,,,,1588.89,,,,1588.89,0,,,2,1080,120,600,480,,,高端,,,10202,1对1课时包
NULL,1248,香港国际教育,30,国外考试部,,2200037560,香港国际教育培训中心,,初中,常规体系,IELTS,不区分,阅读,,,,,,LP1762398986342,,,,,,,,香港国际教育旺角留学考试中心,香港国际教育旺角留学考试中心,"寒假,春季,暑假,秋季",,,,,2025,202511,2026,20262,202606,,,,1700,,,,1700,0,,,2,480,120,240,240,,,高端,,,10202,1对1课时包
NULL,1248,香港国际教育,30,国外考试部,,2200037560,香港国际教育培训中心,,初中,常规体系,IELTS,不区分,阅读,,,,,,LP17614646601376,,,,,,,,香港国际教育旺角留学考试中心,香港国际教育旺角留学考试中心,"寒假,春季,暑假,秋季",,,,,2025,202511,2026,20262,202606,,,,1588.89,,,,1588.89,0,,,2,1080,120,600,480,,,高端,,,10202,1对1课时包
NULL,1248,香港国际教育,30,国外考试部,,2200037560,香港国际教育培训中心,,初中,常规体系,IELTS,不区分,阅读,,,,,,LP1762398986342,,,,,,,,香港国际教育旺角留学考试中心,香港国际教育旺角留学考试中心,"寒假,春季,暑假,秋季",,,,,2025,202511,2026,20262,202606,,,,1700,,,,1700,0,,,2,480,120,240,240,,,高端,,,10202,1对1课时包
NULL,1248,香港国际教育,30,国外考试部,,2200037560,香港国际教育培训中心,,初中,常规体系,IELTS,不区分,,,,,,,LP17578522212552,,,,,,,,香港国际教育旺角留学考试中心,香港国际教育旺角留学考试中心,"寒假,春季,暑假,秋季",,,,,2025,202512,2026,20263,202607,,,,-0.34,,,,-0.34,0,,,0,600,0,600,0,,,高端,,,10202,1对1课时包
NULL,1248,香港国际教育,30,国外考试部,,2200037560,香港国际教育培训中心,,初中,常规体系,IELTS,不区分,写作,,,,,,LP17614646601376,,,,,,,,香港国际教育旺角留学考试中心,香港国际教育旺角留学考试中心,"寒假,春季,暑假,秋季",,,,,2025,202512,2026,20263,202607,,,,1588.89,,,,1588.89,0,,,2,1080,120,960,120,,,高端,,,10202,1对1课时包
NULL,1248,香港国际教育,30,国外考试部,,2200037560,香港国际教育培训中心,,初中,常规体系,IELTS,不区分,写作,,,,,,LP17644012242122,,,,,,,,香港国际教育旺角留学考试中心,香港国际教育旺角留学考试中心,"寒假,春季,暑假,秋季",,,,,2025,202512,2026,20263,202607,,,,3400,,,,3400,0,,,4,480,240,480,0,,,高端,,,10202,1对1课时包
NULL,1248,香港国际教育,30,国外考试部,,2200037560,香港国际教育培训中心,,初中,常规体系,IELTS,不区分,口语,,,,,,LP17614646601376,,,,,,,,香港国际教育旺角留学考试中心,香港国际教育旺角留学考试中心,"寒假,春季,暑假,秋季",,,,,2025,202512,2026,20263,202607,,,,1588.89,,,,1588.89,0,,,2,1080,120,960,120,,,高端,,,10202,1对1课时包
NULL,1248,香港国际教育,30,国外考试部,,2200037560,香港国际教育培训中心,,初中,常规体系,IELTS,不区分,口语,,,,,,LP17654431572551,,,,,,,,香港国际教育旺角留学考试中心,香港国际教育旺角留学考试中心,"寒假,春季,暑假,秋季",,,,,2025,202512,2026,20263,202607,,,,850,,,,850,0,,,1,240,60,180,60,,,高端,,,10202,1对1课时包
NULL,1248,香港国际教育,30,国外考试部,,2200037560,香港国际教育培训中心,,初中,常规体系,IELTS,不区分,听力,,,,,,LP17614646601376,,,,,,,,香港国际教育旺角留学考试中心,香港国际教育旺角留学考试中心,"寒假,春季,暑假,秋季",,,,,2025,202512,2026,20263,202607,,,,1588.89,,,,1588.89,0,,,2,1080,120,960,120,,,高端,,,10202,1对1课时包
NULL,1248,香港国际教育,30,国外考试部,,2200037560,香港国际教育培训中心,,初中,常规体系,IELTS,不区分,听力,,,,,,LP17654431572551,,,,,,,,香港国际教育旺角留学考试中心,香港国际教育旺角留学考试中心,"寒假,春季,暑假,秋季",,,,,2025,202512,2026,20263,202607,,,,850,,,,850,0,,,1,240,60,180,60,,,高端,,,10202,1对1课时包
NULL,1248,香港国际教育,30,国外考试部,,2200037560,香港国际教育培训中心,,初中,常规体系,IELTS,不区分,阅读,,,,,,LP17644012242122,,,,,,,,香港国际教育旺角留学考试中心,香港国际教育旺角留学考试中心,"寒假,春季,暑假,秋季",,,,,2025,202512,2026,20263,202607,,,,1700,,,,1700,0,,,2,480,120,480,0,,,高端,,,10202,1对1课时包
NULL,1248,香港国际教育,30,国外考试部,,2200037560,香港国际教育培训中心,,初中,常规体系,IELTS,不区分,阅读,,,,,,LP17644012242122,,,,,,,,香港国际教育旺角留学考试中心,香港国际教育旺角留学考试中心,"寒假,春季,暑假,秋季",,,,,2025,202512,2026,20263,202607,,,,1700,,,,1700,0,,,2,480,120,480,0,,,高端,,,10202,1对1课时包
NULL,1248,香港国际教育,30,国外考试部,,2200037560,香港国际教育培训中心,,初中,常规体系,IELTS,不区分,阅读,,,,,,LP17654431572551,,,,,,,,香港国际教育旺角留学考试中心,香港国际教育旺角留学考试中心,"寒假,春季,暑假,秋季",,,,,2025,202512,2026,20263,202607,,,,850,,,,850,0,,,1,240,60,180,60,,,高端,,,10202,1对1课时包
NULL,1248,香港国际教育,30,国外考试部,,2200037560,香港国际教育培训中心,,大学雅思,常规体系,IELTS,不区分,写作,,,,,,LP17531748931683,,,,,,,,香港国际教育旺角留学考试中心,香港国际教育旺角留学考试中心,"寒假,春季,暑假,秋季",,,,,2025,202507,2026,20261,202602,,,,3060,,,,3060,0,,,4,2400,240,2400,0,,,高端,,,10202,1对1课时包
NULL,1248,香港国际教育,30,国外考试部,,2200037560,香港国际教育培训中心,,大学雅思,常规体系,IELTS,不区分,口语,,,,,,LP17531748931683,,,,,,,,香港国际教育旺角留学考试中心,香港国际教育旺角留学考试中心,"寒假,春季,暑假,秋季",,,,,2025,202507,2026,20261,202602,,,,1530,,,,1530,0,,,2,2400,120,2400,0,,,高端,,,10202,1对1课时包
NULL,1248,香港国际教育,30,国外考试部,,2200037560,香港国际教育培训中心,,大学雅思,常规体系,IELTS,不区分,口语,,,,,,LP17531748931683,,,,,,,,香港国际教育旺角留学考试中心,香港国际教育旺角留学考试中心,"寒假,春季,暑假,秋季",,,,,2025,202507,2026,20261,202602,,,,4590,,,,4590,0,,,6,2400,360,2400,0,,,高端,,,10202,1对1课时包
NULL,1248,香港国际教育,30,国外考试部,,2200037560,香港国际教育培训中心,,大学雅思,常规体系,IELTS,不区分,口语,,,,,,LP17531748931683,,,,,,,,香港国际教育旺角留学考试中心,香港国际教育旺角留学考试中心,"寒假,春季,暑假,秋季",,,,,2025,202507,2026,20261,202602,,,,1530,,,,1530,0,,,2,2400,120,2400,0,,,高端,,,10202,1对1课时包
NULL,1248,香港国际教育,30,国外考试部,,2200037560,香港国际教育培训中心,,大学雅思,常规体系,IELTS,不区分,口语,,,,,,LP17531748931683,,,,,,,,香港国际教育旺角留学考试中心,香港国际教育旺角留学考试中心,"寒假,春季,暑假,秋季",,,,,2025,202507,2026,20261,202602,,,,1530,,,,1530,0,,,2,2400,120,2400,0,,,高端,,,10202,1对1课时包
NULL,1248,香港国际教育,30,国外考试部,,2200037560,香港国际教育培训中心,,大学雅思,常规体系,IELTS,不区分,听力,,,,,,LP17531748931683,,,,,,,,香港国际教育旺角留学考试中心,香港国际教育旺角留学考试中心,"寒假,春季,暑假,秋季",,,,,2025,202507,2026,20261,202602,,,,6120,,,,6120,0,,,8,2400,480,2400,0,,,高端,,,10202,1对1课时包
NULL,1248,香港国际教育,30,国外考试部,,2200037560,香港国际教育培训中心,,大学雅思,常规体系,IELTS,不区分,听力,,,,,,LP17531748931683,,,,,,,,香港国际教育旺角留学考试中心,香港国际教育旺角留学考试中心,"寒假,春季,暑假,秋季",,,,,2025,202507,2026,20261,202602,,,,1530,,,,1530,0,,,2,2400,120,2400,0,,,高端,,,10202,1对1课时包
NULL,1248,香港国际教育,30,国外考试部,,2200037560,香港国际教育培训中心,,大学雅思,常规体系,IELTS,不区分,阅读,,,,,,LP17531748931683,,,,,,,,香港国际教育旺角留学考试中心,香港国际教育旺角留学考试中心,"寒假,春季,暑假,秋季",,,,,2025,202507,2026,20261,202602,,,,1530,,,,1530,0,,,2,2400,120,2400,0,,,高端,,,10202,1对1课时包
NULL,1248,香港国际教育,30,国外考试部,,2200037560,香港国际教育培训中心,,大学雅思,常规体系,IELTS,不区分,阅读,,,,,,LP17531748931683,,,,,,,,香港国际教育旺角留学考试中心,香港国际教育旺角留学考试中心,"寒假,春季,暑假,秋季",,,,,2025,202507,2026,20261,202602,,,,7650,,,,7650,0,,,10,2400,600,2400,0,,,高端,,,10202,1对1课时包
NULL,1248,香港国际教育,30,国外考试部,,2200037560,香港国际教育培训中心,,大学雅思,常规体系,IELTS,不区分,阅读,,,,,,LP17531748931683,,,,,,,,香港国际教育旺角留学考试中心,香港国际教育旺角留学考试中心,"寒假,春季,暑假,秋季",,,,,2025,202507,2026,20261,202602,,,,1530,,,,1530,0,,,2,2400,120,2400,0,,,高端,,,10202,1对1课时包
NULL,1248,香港国际教育,30,国外考试部,,2200037560,香港国际教育培训中心,,大学雅思,常规体系,IELTS,不区分,听力,,,,,,LP17588813031271,,,,,,,,香港国际教育旺角留学考试中心,香港国际教育旺角留学考试中心,"寒假,春季,暑假,秋季",,,,,2025,202510,2026,20262,202605,,,,964.45,,,,964.45,0,,,2,1080,120,240,840,,,高端,,,10202,1对1课时包
NULL,1248,香港国际教育,30,国外考试部,,2200037560,香港国际教育培训中心,,大学雅思,常规体系,IELTS,不区分,听力,,,,,,LP1758171018569,,,,,,,,香港国际教育旺角留学考试中心,香港国际教育旺角留学考试中心,"寒假,春季,暑假,秋季",,,,,2025,202510,2026,20262,202605,,,,6355.55,,,,6355.55,0,,,8,1080,480,1080,0,,,高端,,,10202,1对1课时包
NULL,1248,香港国际教育,30,国外考试部,,2200037560,香港国际教育培训中心,,大学雅思,常规体系,IELTS,不区分,听力,,,,,,LP17588818161283,,,,,,,,香港国际教育旺角留学考试中心,香港国际教育旺角留学考试中心,"寒假,春季,暑假,秋季",,,,,2025,202510,2026,20262,202605,,,,964.45,,,,964.45,0,,,2,1080,120,240,840,,,高端,,,10202,1对1课时包
NULL,1248,香港国际教育,30,国外考试部,,2200037560,香港国际教育培训中心,,大学雅思,常规体系,IELTS,不区分,阅读,,,,,,LP17588813031271,,,,,,,,香港国际教育旺角留学考试中心,香港国际教育旺角留学考试中心,"寒假,春季,暑假,秋季",,,,,2025,202510,2026,20262,202605,,,,964.44,,,,964.44,0,,,2,1080,120,240,840,,,高端,,,10202,1对1课时包
NULL,1248,香港国际教育,30,国外考试部,,2200037560,香港国际教育培训中心,,大学雅思,常规体系,IELTS,不区分,阅读,,,,,,LP1758171018569,,,,,,,,香港国际教育旺角留学考试中心,香港国际教育旺角留学考试中心,"寒假,春季,暑假,秋季",,,,,2025,202510,2026,20262,202605,,,,7944.45,,,,7944.45,0,,,10,1080,600,1080,0,,,高端,,,10202,1对1课时包
NULL,1248,香港国际教育,30,国外考试部,,2200037560,香港国际教育培训中心,,大学雅思,常规体系,IELTS,不区分,阅读,,,,,,LP17588818161283,,,,,,,,香港国际教育旺角留学考试中心,香港国际教育旺角留学考试中心,"寒假,春季,暑假,秋季",,,,,2025,202510,2026,20262,202605,,,,964.44,,,,964.44,0,,,2,1080,120,240,840,,,高端,,,10202,1对1课时包
NULL,1248,香港国际教育,30,国外考试部,,2200037560,香港国际教育培训中心,,大学雅思,常规体系,IELTS,不区分,写作,,,,,,LP17588813031271,,,,,,,,香港国际教育旺角留学考试中心,香港国际教育旺角留学考试中心,"寒假,春季,暑假,秋季",,,,,2025,202511,2026,20262,202606,,,,964.44,,,,964.44,0,,,2,1080,120,600,480,,,高端,,,10202,1对1课时包
NULL,1248,香港国际教育,30,国外考试部,,2200037560,香港国际教育培训中心,,大学雅思,常规体系,IELTS,不区分,写作,,,,,,LP17588818161283,,,,,,,,香港国际教育旺角留学考试中心,香港国际教育旺角留学考试中心,"寒假,春季,暑假,秋季",,,,,2025,202511,2026,20262,202606,,,,964.44,,,,964.44,0,,,2,1080,120,600,480,,,高端,,,10202,1对1课时包
NULL,1248,香港国际教育,30,国外考试部,,2200037560,香港国际教育培训中心,,大学雅思,常规体系,IELTS,不区分,听力,,,,,,LP17588813031271,,,,,,,,香港国际教育旺角留学考试中心,香港国际教育旺角留学考试中心,"寒假,春季,暑假,秋季",,,,,2025,202511,2026,20262,202606,,,,964.44,,,,964.44,0,,,2,1080,120,600,480,,,高端,,,10202,1对1课时包
NULL,1248,香港国际教育,30,国外考试部,,2200037560,香港国际教育培训中心,,大学雅思,常规体系,IELTS,不区分,听力,,,,,,LP17588818161283,,,,,,,,香港国际教育旺角留学考试中心,香港国际教育旺角留学考试中心,"寒假,春季,暑假,秋季",,,,,2025,202511,2026,20262,202606,,,,964.44,,,,964.44,0,,,2,1080,120,600,480,,,高端,,,10202,1对1课时包
NULL,1248,香港国际教育,30,国外考试部,,2200037560,香港国际教育培训中心,,大学雅思,常规体系,IELTS,不区分,阅读,,,,,,LP17588813031271,,,,,,,,香港国际教育旺角留学考试中心,香港国际教育旺角留学考试中心,"寒假,春季,暑假,秋季",,,,,2025,202511,2026,20262,202606,,,,964.45,,,,964.45,0,,,2,1080,120,600,480,,,高端,,,10202,1对1课时包
NULL,1248,香港国际教育,30,国外考试部,,2200037560,香港国际教育培训中心,,大学雅思,常规体系,IELTS,不区分,阅读,,,,,,LP17588818161283,,,,,,,,香港国际教育旺角留学考试中心,香港国际教育旺角留学考试中心,"寒假,春季,暑假,秋季",,,,,2025,202511,2026,20262,202606,,,,964.45,,,,964.45,0,,,2,1080,120,600,480,,,高端,,,10202,1对1课时包
NULL,1248,香港国际教育,30,国外考试部,,2200037560,香港国际教育培训中心,,大学雅思,常规体系,IELTS,不区分,口语,,,,,,LP17645694264131,,,,,,,,香港国际教育旺角留学考试中心,香港国际教育旺角留学考试中心,"寒假,春季,暑假,秋季",,,,,2025,202512,2026,20263,202607,,,,1588.89,,,,1588.89,0,,,2,1080,120,1080,0,,,高端,,,10202,1对1课时包
NULL,1248,香港国际教育,30,国外考试部,,2200037560,香港国际教育培训中心,,大学雅思,常规体系,IELTS,不区分,听力,,,,,,LP17645694264131,,,,,,,,香港国际教育旺角留学考试中心,香港国际教育旺角留学考试中心,"寒假,春季,暑假,秋季",,,,,2025,202512,2026,20263,202607,,,,6355.56,,,,6355.56,0,,,8,1080,480,1080,0,,,高端,,,10202,1对1课时包
NULL,1248,香港国际教育,30,国外考试部,,2200037560,香港国际教育培训中心,,大学雅思,常规体系,IELTS,不区分,阅读,,,,,,LP17645694264131,,,,,,,,香港国际教育旺角留学考试中心,香港国际教育旺角留学考试中心,"寒假,春季,暑假,秋季",,,,,2025,202512,2026,20263,202607,,,,4766.66,,,,4766.66,0,,,6,1080,360,1080,0,,,高端,,,10202,1对1课时包
NULL,1248,香港国际教育,30,国外考试部,,2200037560,香港国际教育培训中心,,大学雅思,常规体系,IELTS,不区分,阅读,,,,,,LP17645694264131,,,,,,,,香港国际教育旺角留学考试中心,香港国际教育旺角留学考试中心,"寒假,春季,暑假,秋季",,,,,2025,202512,2026,20263,202607,,,,1588.89,,,,1588.89,0,,,2,1080,120,1080,0,,,高端,,,10202,1对1课时包
NULL,1248,香港国际教育,30,国外考试部,,2200037560,香港国际教育培训中心,,高中,常规体系,DSE,不区分,英语,,,,,,LP17531734341597,,,,,,,,香港国际教育旺角留学考试中心,香港国际教育旺角留学考试中心,"寒假,春季,暑假,秋季",,,,,2025,202507,2026,20261,202602,,,,10710,,,,10710,0,,,14,3960,840,2400,1560,,,高端,,,10202,1对1课时包
NULL,1248,香港国际教育,30,国外考试部,,2200037560,香港国际教育培训中心,,高中,常规体系,DSE,不区分,英语,,,,,,LP17531734341597,,,,,,,,香港国际教育旺角留学考试中心,香港国际教育旺角留学考试中心,"寒假,春季,暑假,秋季",,,,,2025,202507,2026,20261,202602,,,,19890,,,,19890,0,,,26,3960,1560,2400,1560,,,高端,,,10202,1对1课时包
NULL,1248,香港国际教育,30,国外考试部,,2200037560,香港国际教育培训中心,,高中,常规体系,DSE,不区分,英语,,,,,,LP17544761941904,,,,,,,,香港国际教育旺角留学考试中心,香港国际教育旺角留学考试中心,"寒假,春季,暑假,秋季",,,,,2025,202508,2026,20261,202603,,,,0,,,,0,0,,,2,960,120,960,0,,,高端,,,10202,1对1课时包
NULL,1248,香港国际教育,30,国外考试部,,2200037560,香港国际教育培训中心,,高中,常规体系,DSE,不区分,英语,,,,,,LP17549818852089,,,,,,,,香港国际教育旺角留学考试中心,香港国际教育旺角留学考试中心,"寒假,春季,暑假,秋季",,,,,2025,202508,2026,20261,202603,,,,1530,,,,1530,0,,,2,840,120,840,0,,,高端,,,10202,1对1课时包
NULL,1248,香港国际教育,30,国外考试部,,2200037560,香港国际教育培训中心,,高中,常规体系,DSE,不区分,英语,,,,,,LP17544761941904,,,,,,,,香港国际教育旺角留学考试中心,香港国际教育旺角留学考试中心,"寒假,春季,暑假,秋季",,,,,2025,202508,2026,20261,202603,,,,0,,,,0,0,,,2,960,120,960,0,,,高端,,,10202,1对1课时包
NULL,1248,香港国际教育,30,国外考试部,,2200037560,香港国际教育培训中心,,高中,常规体系,DSE,不区分,英语,,,,,,LP17549818852089,,,,,,,,香港国际教育旺角留学考试中心,香港国际教育旺角留学考试中心,"寒假,春季,暑假,秋季",,,,,2025,202508,2026,20261,202603,,,,4590,,,,4590,0,,,6,840,360,840,0,,,高端,,,10202,1对1课时包
NULL,1248,香港国际教育,30,国外考试部,,2200037560,香港国际教育培训中心,,高中,常规体系,DSE,不区分,英语,,,,,,LP17544761941904,,,,,,,,香港国际教育旺角留学考试中心,香港国际教育旺角留学考试中心,"寒假,春季,暑假,秋季",,,,,2025,202508,2026,20261,202603,,,,0,,,,0,0,,,2,960,120,960,0,,,高端,,,10202,1对1课时包
NULL,1248,香港国际教育,30,国外考试部,,2200037560,香港国际教育培训中心,,高中,常规体系,DSE,不区分,英语,,,,,,LP17549818852089,,,,,,,,香港国际教育旺角留学考试中心,香港国际教育旺角留学考试中心,"寒假,春季,暑假,秋季",,,,,2025,202508,2026,20261,202603,,,,4590,,,,4590,0,,,6,840,360,840,0,,,高端,,,10202,1对1课时包
NULL,1248,香港国际教育,30,国外考试部,,2200037560,香港国际教育培训中心,,高中,常规体系,DSE,不区分,英语,,,,,,LP17544761941904,,,,,,,,香港国际教育旺角留学考试中心,香港国际教育旺角留学考试中心,"寒假,春季,暑假,秋季",,,,,2025,202508,2026,20261,202603,,,,0,,,,0,0,,,4,960,240,960,0,,,高端,,,10202,1对1课时包
NULL,1248,香港国际教育,30,国外考试部,,2200037560,香港国际教育培训中心,,高中,常规体系,DSE,不区分,英语,,,,,,LP17531734341597,,,,,,,,香港国际教育旺角留学考试中心,香港国际教育旺角留学考试中心,"寒假,春季,暑假,秋季",,,,,2025,202508,2026,20261,202603,,,,19890,,,,19890,0,,,26,3960,1560,3960,0,,,高端,,,10202,1对1课时包
NULL,1248,香港国际教育,30,国外考试部,,2200037560,香港国际教育培训中心,,高中,常规体系,DSE,不区分,英语,,,,,,LP17544761941904,,,,,,,,香港国际教育旺角留学考试中心,香港国际教育旺角留学考试中心,"寒假,春季,暑假,秋季",,,,,2025,202508,2026,20261,202603,,,,0,,,,0,0,,,6,960,360,960,0,,,高端,,,10202,1对1课时包
NULL,1248,香港国际教育,30,国外考试部,,2200037560,香港国际教育培训中心,,高中,常规体系,DSE,不区分,英语,,,,,,LP1757658023818,,,,,,,,香港国际教育旺角留学考试中心,香港国际教育旺角留学考试中心,"寒假,春季,暑假,秋季",,,,,2025,202509,2026,20262,202604,,,,3177.78,,,,3177.78,0,,,4,1080,240,480,600,,,高端,,,10202,1对1课时包
NULL,1248,香港国际教育,30,国外考试部,,2200037560,香港国际教育培训中心,,高中,常规体系,DSE,不区分,英语,,,,,,LP17570674281971,,,,,,,,香港国际教育旺角留学考试中心,香港国际教育旺角留学考试中心,"寒假,春季,暑假,秋季",,,,,2025,202509,2026,20262,202604,,,,3400,,,,3400,0,,,4,480,240,480,0,,,高端,,,10202,1对1课时包
NULL,1248,香港国际教育,30,国外考试部,,2200037560,香港国际教育培训中心,,高中,常规体系,DSE,不区分,英语,,,,,,LP1757658023818,,,,,,,,香港国际教育旺角留学考试中心,香港国际教育旺角留学考试中心,"寒假,春季,暑假,秋季",,,,,2025,202509,2026,20262,202604,,,,1588.89,,,,1588.89,0,,,2,1080,120,480,600,,,高端,,,10202,1对1课时包
NULL,1248,香港国际教育,30,国外考试部,,2200037560,香港国际教育培训中心,,高中,常规体系,DSE,不区分,英语,,,,,,LP17570674281971,,,,,,,,香港国际教育旺角留学考试中心,香港国际教育旺角留学考试中心,"寒假,春季,暑假,秋季",,,,,2025,202509,2026,20262,202604,,,,3400,,,,3400,0,,,4,480,240,480,0,,,高端,,,10202,1对1课时包
NULL,1248,香港国际教育,30,国外考试部,,2200037560,香港国际教育培训中心,,高中,常规体系,DSE,不区分,英语,,,,,,LP1757658023818,,,,,,,,香港国际教育旺角留学考试中心,香港国际教育旺角留学考试中心,"寒假,春季,暑假,秋季",,,,,2025,202509,2026,20262,202604,,,,1588.89,,,,1588.89,0,,,2,1080,120,480,600,,,高端,,,10202,1对1课时包
NULL,1248,香港国际教育,30,国外考试部,,2200037560,香港国际教育培训中心,,高中,常规体系,DSE,不区分,英语,,,,,,LP17561060251262,,,,,,,,香港国际教育旺角留学考试中心,香港国际教育旺角留学考试中心,"寒假,春季,暑假,秋季",,,,,2025,202509,2026,20262,202604,,,,4766.67,,,,4766.67,0,,,6,1080,360,720,360,,,高端,,,10202,1对1课时包
NULL,1248,香港国际教育,30,国外考试部,,2200037560,香港国际教育培训中心,,高中,常规体系,DSE,不区分,英语,,,,,,LP17561060251262,,,,,,,,香港国际教育旺角留学考试中心,香港国际教育旺角留学考试中心,"寒假,春季,暑假,秋季",,,,,2025,202509,2026,20262,202604,,,,3177.78,,,,3177.78,0,,,4,1080,240,720,360,,,高端,,,10202,1对1课时包
NULL,1248,香港国际教育,30,国外考试部,,2200037560,香港国际教育培训中心,,高中,常规体系,DSE,不区分,英语,,,,,,LP17561060251262,,,,,,,,香港国际教育旺角留学考试中心,香港国际教育旺角留学考试中心,"寒假,春季,暑假,秋季",,,,,2025,202509,2026,20262,202604,,,,1588.89,,,,1588.89,0,,,2,1080,120,720,360,,,高端,,,10202,1对1课时包
NULL,1248,香港国际教育,30,国外考试部,,2200037560,香港国际教育培训中心,,高中,常规体系,DSE,不区分,英语,,,,,,LP17568067471354,,,,,,,,香港国际教育旺角留学考试中心,香港国际教育旺角留学考试中心,"寒假,春季,暑假,秋季",,,,,2025,202509,2026,20262,202604,,,,0,,,,0,0,,,10,960,600,840,120,,,高端,,,10202,1对1课时包
NULL,1248,香港国际教育,30,国外考试部,,2200037560,香港国际教育培训中心,,高中,常规体系,DSE,不区分,英语,,,,,,LP17568067471354,,,,,,,,香港国际教育旺角留学考试中心,香港国际教育旺角留学考试中心,"寒假,春季,暑假,秋季",,,,,2025,202509,2026,20262,202604,,,,0,,,,0,0,,,4,960,240,840,120,,,高端,,,10202,1对1课时包
NULL,1248,香港国际教育,30,国外考试部,,2200037560,香港国际教育培训中心,,高中,常规体系,DSE,不区分,英语,,,,,,LP17580130961272,,,,,,,,香港国际教育旺角留学考试中心,香港国际教育旺角留学考试中心,"寒假,春季,暑假,秋季",,,,,2025,202509,2026,20262,202604,,,,1700,,,,1700,0,,,2,240,120,240,0,,,高端,,,10202,1对1课时包
NULL,1248,香港国际教育,30,国外考试部,,2200037560,香港国际教育培训中心,,高中,常规体系,DSE,不区分,英语,,,,,,LP17580130961272,,,,,,,,香港国际教育旺角留学考试中心,香港国际教育旺角留学考试中心,"寒假,春季,暑假,秋季",,,,,2025,202509,2026,20262,202604,,,,1700,,,,1700,0,,,2,240,120,240,0,,,高端,,,10202,1对1课时包
NULL,1248,香港国际教育,30,国外考试部,,2200037560,香港国际教育培训中心,,高中,常规体系,DSE,不区分,英语,,,,,,LP17581080461640,,,,,,,,香港国际教育旺角留学考试中心,香港国际教育旺角留学考试中心,"寒假,春季,暑假,秋季",,,,,2025,202509,2026,20262,202604,,,,1588.89,,,,1588.89,0,,,2,1080,120,240,840,,,高端,,,10202,1对1课时包
NULL,1248,香港国际教育,30,国外考试部,,2200037560,香港国际教育培训中心,,高中,常规体系,DSE,不区分,英语,,,,,,LP17581080461640,,,,,,,,香港国际教育旺角留学考试中心,香港国际教育旺角留学考试中心,"寒假,春季,暑假,秋季",,,,,2025,202509,2026,20262,202604,,,,1588.89,,,,1588.89,0,,,2,1080,120,240,840,,,高端,,,10202,1对1课时包
NULL,1248,香港国际教育,30,国外考试部,,2200037560,香港国际教育培训中心,,高中,常规体系,DSE,不区分,英语,,,,,,LP1757658023818,,,,,,,,香港国际教育旺角留学考试中心,香港国际教育旺角留学考试中心,"寒假,春季,暑假,秋季",,,,,2025,202510,2026,20262,202605,,,,1588.89,,,,1588.89,0,,,2,1080,120,600,480,,,高端,,,10202,1对1课时包
NULL,1248,香港国际教育,30,国外考试部,,2200037560,香港国际教育培训中心,,高中,常规体系,DSE,不区分,英语,,,,,,LP17576684751490,,,,,,,,香港国际教育旺角留学考试中心,香港国际教育旺角留学考试中心,"寒假,春季,暑假,秋季",,,,,2025,202510,2026,20262,202605,,,,6355.56,,,,6355.56,0,,,8,1080,480,480,600,,,高端,,,10202,1对1课时包
NULL,1248,香港国际教育,30,国外考试部,,2200037560,香港国际教育培训中心,,高中,常规体系,DSE,不区分,英语,,,,,,LP1760345298622,,,,,,,,香港国际教育旺角留学考试中心,香港国际教育旺角留学考试中心,"寒假,春季,暑假,秋季",,,,,2025,202510,2026,20262,202605,,,,3275,,,,3275,0,,,4,960,240,480,480,,,高端,,,10202,1对1课时包
NULL,1248,香港国际教育,30,国外考试部,,2200037560,香港国际教育培训中心,,高中,常规体系,DSE,不区分,英语,,,,,,LP1760345298622,,,,,,,,香港国际教育旺角留学考试中心,香港国际教育旺角留学考试中心,"寒假,春季,暑假,秋季",,,,,2025,202510,2026,20262,202605,,,,3275,,,,3275,0,,,4,960,240,480,480,,,高端,,,10202,1对1课时包
NULL,1248,香港国际教育,30,国外考试部,,2200037560,香港国际教育培训中心,,高中,常规体系,DSE,不区分,英语,,,,,,LP17561060251262,,,,,,,,香港国际教育旺角留学考试中心,香港国际教育旺角留学考试中心,"寒假,春季,暑假,秋季",,,,,2025,202510,2026,20262,202605,,,,1588.89,,,,1588.89,0,,,2,1080,120,960,120,,,高端,,,10202,1对1课时包
NULL,1248,香港国际教育,30,国外考试部,,2200037560,香港国际教育培训中心,,高中,常规体系,DSE,不区分,英语,,,,,,LP17561060251262,,,,,,,,香港国际教育旺角留学考试中心,香港国际教育旺角留学考试中心,"寒假,春季,暑假,秋季",,,,,2025,202510,2026,20262,202605,,,,1588.89,,,,1588.89,0,,,2,1080,120,960,120,,,高端,,,10202,1对1课时包
NULL,1248,香港国际教育,30,国外考试部,,2200037560,香港国际教育培训中心,,高中,常规体系,DSE,不区分,英语,,,,,,LP17592189051449,,,,,,,,香港国际教育旺角留学考试中心,香港国际教育旺角留学考试中心,"寒假,春季,暑假,秋季",,,,,2025,202510,2026,20262,202605,,,,1588.89,,,,1588.89,0,,,2,1080,120,480,600,,,高端,,,10202,1对1课时包
NULL,1248,香港国际教育,30,国外考试部,,2200037560,香港国际教育培训中心,,高中,常规体系,DSE,不区分,英语,,,,,,LP17592189051449,,,,,,,,香港国际教育旺角留学考试中心,香港国际教育旺角留学考试中心,"寒假,春季,暑假,秋季",,,,,2025,202510,2026,20262,202605,,,,1588.89,,,,1588.89,0,,,2,1080,120,480,600,,,高端,,,10202,1对1课时包
NULL,1248,香港国际教育,30,国外考试部,,2200037560,香港国际教育培训中心,,高中,常规体系,DSE,不区分,英语,,,,,,LP17592189051449,,,,,,,,香港国际教育旺角留学考试中心,香港国际教育旺角留学考试中心,"寒假,春季,暑假,秋季",,,,,2025,202510,2026,20262,202605,,,,3177.78,,,,3177.78,0,,,4,1080,240,480,600,,,高端,,,10202,1对1课时包
NULL,1248,香港国际教育,30,国外考试部,,2200037560,香港国际教育培训中心,,高中,常规体系,DSE,不区分,英语,,,,,,LP1759198623165,,,,,,,,香港国际教育旺角留学考试中心,香港国际教育旺角留学考试中心,"寒假,春季,暑假,秋季",,,,,2025,202510,2026,20262,202605,,,,1700,,,,1700,0,,,2,120,120,120,0,,,高端,,,10202,1对1课时包
NULL,1248,香港国际教育,30,国外考试部,,2200037560,香港国际教育培训中心,,高中,常规体系,DSE,不区分,英语,,,,,,LP17590565151430,,,,,,,,香港国际教育旺角留学考试中心,香港国际教育旺角留学考试中心,"寒假,春季,暑假,秋季",,,,,2025,202510,2026,20262,202605,,,,0,,,,0,0,,,4,960,240,480,480,,,高端,,,10202,1对1课时包
NULL,1248,香港国际教育,30,国外考试部,,2200037560,香港国际教育培训中心,,高中,常规体系,DSE,不区分,英语,,,,,,LP17590565151430,,,,,,,,香港国际教育旺角留学考试中心,香港国际教育旺角留学考试中心,"寒假,春季,暑假,秋季",,,,,2025,202510,2026,20262,202605,,,,0,,,,0,0,,,4,960,240,480,480,,,高端,,,10202,1对1课时包
NULL,1248,香港国际教育,30,国外考试部,,2200037560,香港国际教育培训中心,,高中,常规体系,DSE,不区分,英语,,,,,,LP17581080461640,,,,,,,,香港国际教育旺角留学考试中心,香港国际教育旺角留学考试中心,"寒假,春季,暑假,秋季",,,,,2025,202510,2026,20262,202605,,,,1588.89,,,,1588.89,0,,,2,1080,120,1080,0,,,高端,,,10202,1对1课时包
NULL,1248,香港国际教育,30,国外考试部,,2200037560,香港国际教育培训中心,,高中,常规体系,DSE,不区分,英语,,,,,,LP17581080461640,,,,,,,,香港国际教育旺角留学考试中心,香港国际教育旺角留学考试中心,"寒假,春季,暑假,秋季",,,,,2025,202510,2026,20262,202605,,,,4766.67,,,,4766.67,0,,,6,1080,360,1080,0,,,高端,,,10202,1对1课时包
NULL,1248,香港国际教育,30,国外考试部,,2200037560,香港国际教育培训中心,,高中,常规体系,DSE,不区分,英语,,,,,,LP17581080461640,,,,,,,,香港国际教育旺角留学考试中心,香港国际教育旺角留学考试中心,"寒假,春季,暑假,秋季",,,,,2025,202510,2026,20262,202605,,,,3177.77,,,,3177.77,0,,,4,1080,240,1080,0,,,高端,,,10202,1对1课时包
NULL,1248,香港国际教育,30,国外考试部,,2200037560,香港国际教育培训中心,,高中,常规体系,DSE,不区分,英语,,,,,,LP17581080461640,,,,,,,,香港国际教育旺角留学考试中心,香港国际教育旺角留学考试中心,"寒假,春季,暑假,秋季",,,,,2025,202510,2026,20262,202605,,,,1588.89,,,,1588.89,0,,,2,1080,120,1080,0,,,高端,,,10202,1对1课时包
NULL,1248,香港国际教育,30,国外考试部,,2200037560,香港国际教育培训中心,,高中,常规体系,DSE,不区分,英语,,,,,,LP1757658023818,,,,,,,,香港国际教育旺角留学考试中心,香港国际教育旺角留学考试中心,"寒假,春季,暑假,秋季",,,,,2025,202511,2026,20262,202606,,,,1588.89,,,,1588.89,0,,,2,1080,120,960,120,,,高端,,,10202,1对1课时包
NULL,1248,香港国际教育,30,国外考试部,,2200037560,香港国际教育培训中心,,高中,常规体系,DSE,不区分,英语,,,,,,LP1763607513342,,,,,,,,香港国际教育旺角留学考试中心,香港国际教育旺角留学考试中心,"寒假,春季,暑假,秋季",,,,,2025,202511,2026,20262,202606,,,,1650,,,,1650,0,,,2,480,120,120,360,,,高端,,,10202,1对1课时包
NULL,1248,香港国际教育,30,国外考试部,,2200037560,香港国际教育培训中心,,高中,常规体系,DSE,不区分,英语,,,,,,LP1757658023818,,,,,,,,香港国际教育旺角留学考试中心,香港国际教育旺角留学考试中心,"寒假,春季,暑假,秋季",,,,,2025,202511,2026,20262,202606,,,,3177.78,,,,3177.78,0,,,4,1080,240,960,120,,,高端,,,10202,1对1课时包
NULL,1248,香港国际教育,30,国外考试部,,2200037560,香港国际教育培训中心,,高中,常规体系,DSE,不区分,英语,,,,,,LP17576684751490,,,,,,,,香港国际教育旺角留学考试中心,香港国际教育旺角留学考试中心,"寒假,春季,暑假,秋季",,,,,2025,202511,2026,20262,202606,,,,1588.89,,,,1588.89,0,,,2,1080,120,1080,0,,,高端,,,10202,1对1课时包
NULL,1248,香港国际教育,30,国外考试部,,2200037560,香港国际教育培训中心,,高中,常规体系,DSE,不区分,英语,,,,,,LP17622657992322,,,,,,,,香港国际教育旺角留学考试中心,香港国际教育旺角留学考试中心,"寒假,春季,暑假,秋季",,,,,2025,202511,2026,20262,202606,,,,1700,,,,1700,0,,,2,480,120,360,120,,,高端,,,10202,1对1课时包
NULL,1248,香港国际教育,30,国外考试部,,2200037560,香港国际教育培训中心,,高中,常规体系,DSE,不区分,英语,,,,,,LP17576684751490,,,,,,,,香港国际教育旺角留学考试中心,香港国际教育旺角留学考试中心,"寒假,春季,暑假,秋季",,,,,2025,202511,2026,20262,202606,,,,4766.66,,,,4766.66,0,,,6,1080,360,1080,0,,,高端,,,10202,1对1课时包
NULL,1248,香港国际教育,30,国外考试部,,2200037560,香港国际教育培训中心,,高中,常规体系,DSE,不区分,英语,,,,,,LP17622657992322,,,,,,,,香港国际教育旺角留学考试中心,香港国际教育旺角留学考试中心,"寒假,春季,暑假,秋季",,,,,2025,202511,2026,20262,202606,,,,3400,,,,3400,0,,,4,480,240,360,120,,,高端,,,10202,1对1课时包
NULL,1248,香港国际教育,30,国外考试部,,2200037560,香港国际教育培训中心,,高中,常规体系,DSE,不区分,英语,,,,,,LP17576684751490,,,,,,,,香港国际教育旺角留学考试中心,香港国际教育旺角留学考试中心,"寒假,春季,暑假,秋季",,,,,2025,202511,2026,20262,202606,,,,1588.89,,,,1588.89,0,,,2,1080,120,1080,0,,,高端,,,10202,1对1课时包
NULL,1248,香港国际教育,30,国外考试部,,2200037560,香港国际教育培训中心,,高中,常规体系,DSE,不区分,英语,,,,,,LP1760345298622,,,,,,,,香港国际教育旺角留学考试中心,香港国际教育旺角留学考试中心,"寒假,春季,暑假,秋季",,,,,2025,202511,2026,20262,202606,,,,1637.5,,,,1637.5,0,,,2,960,120,960,0,,,高端,,,10202,1对1课时包
NULL,1248,香港国际教育,30,国外考试部,,2200037560,香港国际教育培训中心,,高中,常规体系,DSE,不区分,英语,,,,,,LP1760345298622,,,,,,,,香港国际教育旺角留学考试中心,香港国际教育旺角留学考试中心,"寒假,春季,暑假,秋季",,,,,2025,202511,2026,20262,202606,,,,1637.5,,,,1637.5,0,,,2,960,120,960,0,,,高端,,,10202,1对1课时包
NULL,1248,香港国际教育,30,国外考试部,,2200037560,香港国际教育培训中心,,高中,常规体系,DSE,不区分,英语,,,,,,LP1760345298622,,,,,,,,香港国际教育旺角留学考试中心,香港国际教育旺角留学考试中心,"寒假,春季,暑假,秋季",,,,,2025,202511,2026,20262,202606,,,,1637.5,,,,1637.5,0,,,2,960,120,960,0,,,高端,,,10202,1对1课时包
NULL,1248,香港国际教育,30,国外考试部,,2200037560,香港国际教育培训中心,,高中,常规体系,DSE,不区分,英语,,,,,,LP1760345298622,,,,,,,,香港国际教育旺角留学考试中心,香港国际教育旺角留学考试中心,"寒假,春季,暑假,秋季",,,,,2025,202511,2026,20262,202606,,,,1637.5,,,,1637.5,0,,,2,960,120,960,0,,,高端,,,10202,1对1课时包
NULL,1248,香港国际教育,30,国外考试部,,2200037560,香港国际教育培训中心,,高中,常规体系,DSE,不区分,英语,,,,,,LP17561060251262,,,,,,,,香港国际教育旺角留学考试中心,香港国际教育旺角留学考试中心,"寒假,春季,暑假,秋季",,,,,2025,202511,2026,20262,202606,,,,1588.88,,,,1588.88,0,,,2,1080,120,1080,0,,,高端,,,10202,1对1课时包
NULL,1248,香港国际教育,30,国外考试部,,2200037560,香港国际教育培训中心,,高中,常规体系,DSE,不区分,英语,,,,,,LP17568067471354,,,,,,,,香港国际教育旺角留学考试中心,香港国际教育旺角留学考试中心,"寒假,春季,暑假,秋季",,,,,2025,202511,2026,20262,202606,,,,0,,,,0,0,,,2,960,120,960,0,,,高端,,,10202,1对1课时包
NULL,1248,香港国际教育,30,国外考试部,,2200037560,香港国际教育培训中心,,高中,常规体系,DSE,不区分,英语,,,,,,LP17592189051449,,,,,,,,香港国际教育旺角留学考试中心,香港国际教育旺角留学考试中心,"寒假,春季,暑假,秋季",,,,,2025,202511,2026,20262,202606,,,,3177.78,,,,3177.78,0,,,4,1080,240,1080,0,,,高端,,,10202,1对1课时包
NULL,1248,香港国际教育,30,国外考试部,,2200037560,香港国际教育培训中心,,高中,常规体系,DSE,不区分,英语,,,,,,LP17592189051449,,,,,,,,香港国际教育旺角留学考试中心,香港国际教育旺角留学考试中心,"寒假,春季,暑假,秋季",,,,,2025,202511,2026,20262,202606,,,,1588.89,,,,1588.89,0,,,2,1080,120,1080,0,,,高端,,,10202,1对1课时包
NULL,1248,香港国际教育,30,国外考试部,,2200037560,香港国际教育培训中心,,高中,常规体系,DSE,不区分,英语,,,,,,LP17592189051449,,,,,,,,香港国际教育旺角留学考试中心,香港国际教育旺角留学考试中心,"寒假,春季,暑假,秋季",,,,,2025,202511,2026,20262,202606,,,,1588.88,,,,1588.88,0,,,2,1080,120,1080,0,,,高端,,,10202,1对1课时包
NULL,1248,香港国际教育,30,国外考试部,,2200037560,香港国际教育培训中心,,高中,常规体系,DSE,不区分,英语,,,,,,LP17592189051449,,,,,,,,香港国际教育旺角留学考试中心,香港国际教育旺角留学考试中心,"寒假,春季,暑假,秋季",,,,,2025,202511,2026,20262,202606,,,,1588.89,,,,1588.89,0,,,2,1080,120,1080,0,,,高端,,,10202,1对1课时包
NULL,1248,香港国际教育,30,国外考试部,,2200037560,香港国际教育培训中心,,高中,常规体系,DSE,不区分,英语,,,,,,LP17590565151430,,,,,,,,香港国际教育旺角留学考试中心,香港国际教育旺角留学考试中心,"寒假,春季,暑假,秋季",,,,,2025,202511,2026,20262,202606,,,,0,,,,0,0,,,4,960,240,720,240,,,高端,,,10202,1对1课时包
NULL,1248,香港国际教育,30,国外考试部,,2200037560,香港国际教育培训中心,,高中,常规体系,DSE,不区分,英语,,,,,,LP1761561398858,,,,,,,,香港国际教育旺角留学考试中心,香港国际教育旺角留学考试中心,"寒假,春季,暑假,秋季",,,,,2025,202511,2026,20262,202606,,,,5100,,,,5100,0,,,6,360,360,360,0,,,高端,,,10202,1对1课时包
NULL,1248,香港国际教育,30,国外考试部,,2200037560,香港国际教育培训中心,,高中,常规体系,DSE,不区分,英语,,,,,,LP17634627752156,,,,,,,,香港国际教育旺角留学考试中心,香港国际教育旺角留学考试中心,"寒假,春季,暑假,秋季",,,,,2025,202511,2026,20262,202606,,,,1700,,,,1700,0,,,2,120,120,120,0,,,高端,,,10202,1对1课时包
NULL,1248,香港国际教育,30,国外考试部,,2200037560,香港国际教育培训中心,,高中,常规体系,DSE,不区分,英语,,,,,,LP17614676841601,,,,,,,,香港国际教育旺角留学考试中心,香港国际教育旺角留学考试中心,"寒假,春季,暑假,秋季",,,,,2025,202511,2026,20262,202606,,,,6355.56,,,,6355.56,0,,,8,1080,480,840,240,,,高端,,,10202,1对1课时包
NULL,1248,香港国际教育,30,国外考试部,,2200037560,香港国际教育培训中心,,高中,常规体系,DSE,不区分,英语,,,,,,LP17614676841601,,,,,,,,香港国际教育旺角留学考试中心,香港国际教育旺角留学考试中心,"寒假,春季,暑假,秋季",,,,,2025,202511,2026,20262,202606,,,,4766.67,,,,4766.67,0,,,6,1080,360,840,240,,,高端,,,10202,1对1课时包
NULL,1248,香港国际教育,30,国外考试部,,2200037560,香港国际教育培训中心,,高中,常规体系,IELTS,不区分,写作,,,,,,LP17577588921953,,,,,,,,香港国际教育旺角留学考试中心,香港国际教育旺角留学考试中心,"寒假,春季,暑假,秋季",,,,,2025,202509,2026,20262,202604,,,,766.67,,,,766.67,0,,,1,360,60,180,180,,,高端,,,10202,1对1课时包
NULL,1248,香港国际教育,30,国外考试部,,2200037560,香港国际教育培训中心,,高中,常规体系,IELTS,不区分,写作,,,,,,LP1758952151803,,,,,,,,香港国际教育旺角留学考试中心,香港国际教育旺角留学考试中心,"寒假,春季,暑假,秋季",,,,,2025,202509,2026,20262,202604,,,,1588.89,,,,1588.89,0,,,2,1080,120,120,960,,,高端,,,10202,1对1课时包
NULL,1248,香港国际教育,30,国外考试部,,2200037560,香港国际教育培训中心,,高中,常规体系,IELTS,不区分,口语,,,,,,LP1757133583636,,,,,,,,香港国际教育旺角留学考试中心,香港国际教育旺角留学考试中心,"寒假,春季,暑假,秋季",,,,,2025,202509,2026,20262,202604,,,,3150,,,,3150,0,,,4,480,240,360,120,,,高端,,,10202,1对1课时包
NULL,1248,香港国际教育,30,国外考试部,,2200037560,香港国际教育培训中心,,高中,常规体系,IELTS,不区分,口语,,,,,,LP17582811091586,,,,,,,,香港国际教育旺角留学考试中心,香港国际教育旺角留学考试中心,"寒假,春季,暑假,秋季",,,,,2025,202509,2026,20262,202604,,,,1588.89,,,,1588.89,0,,,2,1080,120,240,840,,,高端,,,10202,1对1课时包
NULL,1248,香港国际教育,30,国外考试部,,2200037560,香港国际教育培训中心,,高中,常规体系,IELTS,不区分,口语,,,,,,LP17577588921953,,,,,,,,香港国际教育旺角留学考试中心,香港国际教育旺角留学考试中心,"寒假,春季,暑假,秋季",,,,,2025,202509,2026,20262,202604,,,,766.67,,,,766.67,0,,,1,360,60,180,180,,,高端,,,10202,1对1课时包
NULL,1248,香港国际教育,30,国外考试部,,2200037560,香港国际教育培训中心,,高中,常规体系,IELTS,不区分,听力,,,,,,LP17581095871673,,,,,,,,香港国际教育旺角留学考试中心,香港国际教育旺角留学考试中心,"寒假,春季,暑假,秋季",,,,,2025,202509,2026,20262,202604,,,,1700,,,,1700,0,,,2,240,120,240,0,,,高端,,,10202,1对1课时包
NULL,1248,香港国际教育,30,国外考试部,,2200037560,香港国际教育培训中心,,高中,常规体系,IELTS,不区分,听力,,,,,,LP1757133583636,,,,,,,,香港国际教育旺角留学考试中心,香港国际教育旺角留学考试中心,"寒假,春季,暑假,秋季",,,,,2025,202509,2026,20262,202604,,,,1575,,,,1575,0,,,2,480,120,360,120,,,高端,,,10202,1对1课时包
NULL,1248,香港国际教育,30,国外考试部,,2200037560,香港国际教育培训中心,,高中,常规体系,IELTS,不区分,听力,,,,,,LP17577588921953,,,,,,,,香港国际教育旺角留学考试中心,香港国际教育旺角留学考试中心,"寒假,春季,暑假,秋季",,,,,2025,202509,2026,20262,202604,,,,766.67,,,,766.67,0,,,1,360,60,180,180,,,高端,,,10202,1对1课时包
NULL,1248,香港国际教育,30,国外考试部,,2200037560,香港国际教育培训中心,,高中,常规体系,IELTS,不区分,阅读,,,,,,LP17581095871673,,,,,,,,香港国际教育旺角留学考试中心,香港国际教育旺角留学考试中心,"寒假,春季,暑假,秋季",,,,,2025,202509,2026,20262,202604,,,,1700,,,,1700,0,,,2,240,120,240,0,,,高端,,,10202,1对1课时包
NULL,1248,香港国际教育,30,国外考试部,,2200037560,香港国际教育培训中心,,高中,常规体系,IELTS,不区分,阅读,,,,,,LP17582811091586,,,,,,,,香港国际教育旺角留学考试中心,香港国际教育旺角留学考试中心,"寒假,春季,暑假,秋季",,,,,2025,202509,2026,20262,202604,,,,1588.89,,,,1588.89,0,,,2,1080,120,240,840,,,高端,,,10202,1对1课时包
NULL,1248,香港国际教育,30,国外考试部,,2200037560,香港国际教育培训中心,,高中,常规体系,IELTS,不区分,写作,,,,,,LP17590612031500,,,,,,,,香港国际教育旺角留学考试中心,香港国际教育旺角留学考试中心,"寒假,春季,暑假,秋季",,,,,2025,202510,2026,20262,202605,,,,1575,,,,1575,0,,,2,480,120,240,240,,,高端,,,10202,1对1课时包
NULL,1248,香港国际教育,30,国外考试部,,2200037560,香港国际教育培训中心,,高中,常规体系,IELTS,不区分,写作,,,,,,LP17582811091586,,,,,,,,香港国际教育旺角留学考试中心,香港国际教育旺角留学考试中心,"寒假,春季,暑假,秋季",,,,,2025,202510,2026,20262,202605,,,,3177.77,,,,3177.77,0,,,4,1080,240,1080,0,,,高端,,,10202,1对1课时包
NULL,1248,香港国际教育,30,国外考试部,,2200037560,香港国际教育培训中心,,高中,常规体系,IELTS,不区分,写作,,,,,,LP1758952151803,,,,,,,,香港国际教育旺角留学考试中心,香港国际教育旺角留学考试中心,"寒假,春季,暑假,秋季",,,,,2025,202510,2026,20262,202605,,,,1588.89,,,,1588.89,0,,,2,1080,120,480,600,,,高端,,,10202,1对1课时包
NULL,1248,香港国际教育,30,国外考试部,,2200037560,香港国际教育培训中心,,高中,常规体系,IELTS,不区分,口语,,,,,,LP17590612031500,,,,,,,,香港国际教育旺角留学考试中心,香港国际教育旺角留学考试中心,"寒假,春季,暑假,秋季",,,,,2025,202510,2026,20262,202605,,,,1575,,,,1575,0,,,2,480,120,240,240,,,高端,,,10202,1对1课时包
NULL,1248,香港国际教育,30,国外考试部,,2200037560,香港国际教育培训中心,,高中,常规体系,IELTS,不区分,口语,,,,,,LP17582811091586,,,,,,,,香港国际教育旺角留学考试中心,香港国际教育旺角留学考试中心,"寒假,春季,暑假,秋季",,,,,2025,202510,2026,20262,202605,,,,1588.89,,,,1588.89,0,,,2,1080,120,1080,0,,,高端,,,10202,1对1课时包
NULL,1248,香港国际教育,30,国外考试部,,2200037560,香港国际教育培训中心,,高中,常规体系,IELTS,不区分,口语,,,,,,LP1757825169764,,,,,,,,香港国际教育旺角留学考试中心,香港国际教育旺角留学考试中心,"寒假,春季,暑假,秋季",,,,,2025,202510,2026,20262,202605,,,,1616.66,,,,1616.66,0,,,2,720,120,240,480,,,高端,,,10202,1对1课时包
NULL,1248,香港国际教育,30,国外考试部,,2200037560,香港国际教育培训中心,,高中,常规体系,IELTS,不区分,听力,,,,,,LP17582811091586,,,,,,,,香港国际教育旺角留学考试中心,香港国际教育旺角留学考试中心,"寒假,春季,暑假,秋季",,,,,2025,202510,2026,20262,202605,,,,1588.89,,,,1588.89,0,,,2,1080,120,1080,0,,,高端,,,10202,1对1课时包
NULL,1248,香港国际教育,30,国外考试部,,2200037560,香港国际教育培训中心,,高中,常规体系,IELTS,不区分,听力,,,,,,LP17582811091586,,,,,,,,香港国际教育旺角留学考试中心,香港国际教育旺角留学考试中心,"寒假,春季,暑假,秋季",,,,,2025,202510,2026,20262,202605,,,,1588.89,,,,1588.89,0,,,2,1080,120,1080,0,,,高端,,,10202,1对1课时包
NULL,1248,香港国际教育,30,国外考试部,,2200037560,香港国际教育培训中心,,高中,常规体系,IELTS,不区分,听力,,,,,,LP1757825169764,,,,,,,,香港国际教育旺角留学考试中心,香港国际教育旺角留学考试中心,"寒假,春季,暑假,秋季",,,,,2025,202510,2026,20262,202605,,,,808.33,,,,808.33,0,,,1,720,60,240,480,,,高端,,,10202,1对1课时包
NULL,1248,香港国际教育,30,国外考试部,,2200037560,香港国际教育培训中心,,高中,常规体系,IELTS,不区分,听力,,,,,,LP1758952151803,,,,,,,,香港国际教育旺角留学考试中心,香港国际教育旺角留学考试中心,"寒假,春季,暑假,秋季",,,,,2025,202510,2026,20262,202605,,,,1588.89,,,,1588.89,0,,,2,1080,120,480,600,,,高端,,,10202,1对1课时包
NULL,1248,香港国际教育,30,国外考试部,,2200037560,香港国际教育培训中心,,高中,常规体系,IELTS,不区分,阅读,,,,,,LP17582811091586,,,,,,,,香港国际教育旺角留学考试中心,香港国际教育旺角留学考试中心,"寒假,春季,暑假,秋季",,,,,2025,202510,2026,20262,202605,,,,3177.78,,,,3177.78,0,,,4,1080,240,1080,0,,,高端,,,10202,1对1课时包
NULL,1248,香港国际教育,30,国外考试部,,2200037560,香港国际教育培训中心,,高中,常规体系,IELTS,不区分,阅读,,,,,,LP1757825169764,,,,,,,,香港国际教育旺角留学考试中心,香港国际教育旺角留学考试中心,"寒假,春季,暑假,秋季",,,,,2025,202510,2026,20262,202605,,,,808.33,,,,808.33,0,,,1,720,60,240,480,,,高端,,,10202,1对1课时包
NULL,1248,香港国际教育,30,国外考试部,,2200037560,香港国际教育培训中心,,高中,常规体系,IELTS,不区分,阅读,,,,,,LP1758952151803,,,,,,,,香港国际教育旺角留学考试中心,香港国际教育旺角留学考试中心,"寒假,春季,暑假,秋季",,,,,2025,202510,2026,20262,202605,,,,1588.89,,,,1588.89,0,,,2,1080,120,480,600,,,高端,,,10202,1对1课时包
NULL,1248,香港国际教育,30,国外考试部,,2200037560,香港国际教育培训中心,,高中,常规体系,IELTS,不区分,写作,,,,,,LP1761878214188,,,,,,,,香港国际教育旺角留学考试中心,香港国际教育旺角留学考试中心,"寒假,春季,暑假,秋季",,,,,2025,202511,2026,20262,202606,,,,1623.08,,,,1623.08,0,,,2,1560,120,1200,360,,,高端,,,10202,1对1课时包
NULL,1248,香港国际教育,30,国外考试部,,2200037560,香港国际教育培训中心,,高中,常规体系,IELTS,不区分,写作,,,,,,LP17626859172985,,,,,,,,香港国际教育旺角留学考试中心,香港国际教育旺角留学考试中心,"寒假,春季,暑假,秋季",,,,,2025,202511,2026,20262,202606,,,,1700,,,,1700,0,,,2,480,120,360,120,,,高端,,,10202,1对1课时包
NULL,1248,香港国际教育,30,国外考试部,,2200037560,香港国际教育培训中心,,高中,常规体系,IELTS,不区分,写作,,,,,,LP1761878214188,,,,,,,,香港国际教育旺角留学考试中心,香港国际教育旺角留学考试中心,"寒假,春季,暑假,秋季",,,,,2025,202511,2026,20262,202606,,,,1623.08,,,,1623.08,0,,,2,1560,120,1200,360,,,高端,,,10202,1对1课时包
NULL,1248,香港国际教育,30,国外考试部,,2200037560,香港国际教育培训中心,,高中,常规体系,IELTS,不区分,写作,,,,,,LP1757825169764,,,,,,,,香港国际教育旺角留学考试中心,香港国际教育旺角留学考试中心,"寒假,春季,暑假,秋季",,,,,2025,202511,2026,20262,202606,,,,808.34,,,,808.34,0,,,1,720,60,540,180,,,高端,,,10202,1对1课时包
NULL,1248,香港国际教育,30,国外考试部,,2200037560,香港国际教育培训中心,,高中,常规体系,IELTS,不区分,写作,,,,,,LP1758952151803,,,,,,,,香港国际教育旺角留学考试中心,香港国际教育旺角留学考试中心,"寒假,春季,暑假,秋季",,,,,2025,202511,2026,20262,202606,,,,3177.78,,,,3177.78,0,,,4,1080,240,960,120,,,高端,,,10202,1对1课时包
NULL,1248,香港国际教育,30,国外考试部,,2200037560,香港国际教育培训中心,,高中,常规体系,IELTS,不区分,口语,,,,,,LP17577588921953,,,,,,,,香港国际教育旺角留学考试中心,香港国际教育旺角留学考试中心,"寒假,春季,暑假,秋季",,,,,2025,202511,2026,20262,202606,,,,766.67,,,,766.67,0,,,1,360,60,300,60,,,高端,,,10202,1对1课时包
NULL,1248,香港国际教育,30,国外考试部,,2200037560,香港国际教育培训中心,,高中,常规体系,IELTS,不区分,口语,,,,,,LP1757825169764,,,,,,,,香港国际教育旺角留学考试中心,香港国际教育旺角留学考试中心,"寒假,春季,暑假,秋季",,,,,2025,202511,2026,20262,202606,,,,808.33,,,,808.33,0,,,1,720,60,540,180,,,高端,,,10202,1对1课时包
NULL,1248,香港国际教育,30,国外考试部,,2200037560,香港国际教育培训中心,,高中,常规体系,IELTS,不区分,口语,,,,,,LP1761878214188,,,,,,,,香港国际教育旺角留学考试中心,香港国际教育旺角留学考试中心,"寒假,春季,暑假,秋季",,,,,2025,202511,2026,20262,202606,,,,3246.16,,,,3246.16,0,,,4,1560,240,1200,360,,,高端,,,10202,1对1课时包
NULL,1248,香港国际教育,30,国外考试部,,2200037560,香港国际教育培训中心,,高中,常规体系,IELTS,不区分,口语,,,,,,LP1761878214188,,,,,,,,香港国际教育旺角留学考试中心,香港国际教育旺角留学考试中心,"寒假,春季,暑假,秋季",,,,,2025,202511,2026,20262,202606,,,,1623.08,,,,1623.08,0,,,2,1560,120,1200,360,,,高端,,,10202,1对1课时包
NULL,1248,香港国际教育,30,国外考试部,,2200037560,香港国际教育培训中心,,高中,常规体系,IELTS,不区分,口语,,,,,,LP1761878214188,,,,,,,,香港国际教育旺角留学考试中心,香港国际教育旺角留学考试中心,"寒假,春季,暑假,秋季",,,,,2025,202511,2026,20262,202606,,,,1623.08,,,,1623.08,0,,,2,1560,120,1200,360,,,高端,,,10202,1对1课时包
NULL,1248,香港国际教育,30,国外考试部,,2200037560,香港国际教育培训中心,,高中,常规体系,IELTS,不区分,听力,,,,,,LP1757825169764,,,,,,,,香港国际教育旺角留学考试中心,香港国际教育旺角留学考试中心,"寒假,春季,暑假,秋季",,,,,2025,202511,2026,20262,202606,,,,808.34,,,,808.34,0,,,1,720,60,540,180,,,高端,,,10202,1对1课时包
NULL,1248,香港国际教育,30,国外考试部,,2200037560,香港国际教育培训中心,,高中,常规体系,IELTS,不区分,听力,,,,,,LP1761878214188,,,,,,,,香港国际教育旺角留学考试中心,香港国际教育旺角留学考试中心,"寒假,春季,暑假,秋季",,,,,2025,202511,2026,20262,202606,,,,1623.07,,,,1623.07,0,,,2,1560,120,1200,360,,,高端,,,10202,1对1课时包
NULL,1248,香港国际教育,30,国外考试部,,2200037560,香港国际教育培训中心,,高中,常规体系,IELTS,不区分,听力,,,,,,LP1758952151803,,,,,,,,香港国际教育旺角留学考试中心,香港国际教育旺角留学考试中心,"寒假,春季,暑假,秋季",,,,,2025,202511,2026,20262,202606,,,,1588.89,,,,1588.89,0,,,2,1080,120,960,120,,,高端,,,10202,1对1课时包
NULL,1248,香港国际教育,30,国外考试部,,2200037560,香港国际教育培训中心,,高中,常规体系,IELTS,不区分,阅读,,,,,,LP17577588921953,,,,,,,,香港国际教育旺角留学考试中心,香港国际教育旺角留学考试中心,"寒假,春季,暑假,秋季",,,,,2025,202511,2026,20262,202606,,,,766.66,,,,766.66,0,,,1,360,60,300,60,,,高端,,,10202,1对1课时包
NULL,1248,香港国际教育,30,国外考试部,,2200037560,香港国际教育培训中心,,高中,常规体系,IELTS,不区分,阅读,,,,,,LP17626859172985,,,,,,,,香港国际教育旺角留学考试中心,香港国际教育旺角留学考试中心,"寒假,春季,暑假,秋季",,,,,2025,202511,2026,20262,202606,,,,3400,,,,3400,0,,,4,480,240,360,120,,,高端,,,10202,1对1课时包
NULL,1248,香港国际教育,30,国外考试部,,2200037560,香港国际教育培训中心,,高中,常规体系,IELTS,不区分,阅读,,,,,,LP1761878214188,,,,,,,,香港国际教育旺角留学考试中心,香港国际教育旺角留学考试中心,"寒假,春季,暑假,秋季",,,,,2025,202511,2026,20262,202606,,,,1623.08,,,,1623.08,0,,,2,1560,120,1200,360,,,高端,,,10202,1对1课时包
NULL,1248,香港国际教育,30,国外考试部,,2200037560,香港国际教育培训中心,,高中,常规体系,IELTS,不区分,阅读,,,,,,LP1757825169764,,,,,,,,香港国际教育旺角留学考试中心,香港国际教育旺角留学考试中心,"寒假,春季,暑假,秋季",,,,,2025,202511,2026,20262,202606,,,,808.33,,,,808.33,0,,,1,720,60,540,180,,,高端,,,10202,1对1课时包
NULL,1248,香港国际教育,30,国外考试部,,2200037560,香港国际教育培训中心,,高中,常规体系,IELTS,不区分,阅读,,,,,,LP1761878214188,,,,,,,,香港国际教育旺角留学考试中心,香港国际教育旺角留学考试中心,"寒假,春季,暑假,秋季",,,,,2025,202511,2026,20262,202606,,,,1623.08,,,,1623.08,0,,,2,1560,120,1200,360,,,高端,,,10202,1对1课时包
NULL,1248,香港国际教育,30,国外考试部,,2200037560,香港国际教育培训中心,,高中,常规体系,IELTS,不区分,阅读,,,,,,LP1757825169764,,,,,,,,香港国际教育旺角留学考试中心,香港国际教育旺角留学考试中心,"寒假,春季,暑假,秋季",,,,,2025,202511,2026,20262,202606,,,,808.34,,,,808.34,0,,,1,720,60,540,180,,,高端,,,10202,1对1课时包
NULL,1248,香港国际教育,30,国外考试部,,2200037560,香港国际教育培训中心,,高中,常规体系,IELTS,不区分,阅读,,,,,,LP1761878214188,,,,,,,,香港国际教育旺角留学考试中心,香港国际教育旺角留学考试中心,"寒假,春季,暑假,秋季",,,,,2025,202511,2026,20262,202606,,,,1623.07,,,,1623.07,0,,,2,1560,120,1200,360,,,高端,,,10202,1对1课时包
NULL,1248,香港国际教育,30,国外考试部,,2200037560,香港国际教育培训中心,,高中,常规体系,IELTS,不区分,阅读,,,,,,LP1758952151803,,,,,,,,香港国际教育旺角留学考试中心,香港国际教育旺角留学考试中心,"寒假,春季,暑假,秋季",,,,,2025,202511,2026,20262,202606,,,,1588.89,,,,1588.89,0,,,2,1080,120,960,120,,,高端,,,10202,1对1课时包
NULL,1248,香港国际教育,30,国外考试部,,2200037560,香港国际教育培训中心,,高中,常规体系,IELTS,不区分,阅读,,,,,,LP17590612031500,,,,,,,,香港国际教育旺角留学考试中心,香港国际教育旺角留学考试中心,"寒假,春季,暑假,秋季",,,,,2025,202511,2026,20262,202606,,,,1575,,,,1575,0,,,2,480,120,360,120,,,高端,,,10202,1对1课时包
NULL,1248,香港国际教育,30,国外考试部,,2200037560,香港国际教育培训中心,,高中,常规体系,DSE,不区分,英语,,,,,,LP17645720035100,,,,,,,,香港国际教育旺角留学考试中心,香港国际教育旺角留学考试中心,"寒假,春季,暑假,秋季",,,,,2025,202512,2026,20263,202607,,,,1700,,,,1700,0,,,2,1440,120,720,720,,,高端,,,10202,1对1课时包
NULL,1248,香港国际教育,30,国外考试部,,2200037560,香港国际教育培训中心,,高中,常规体系,DSE,不区分,英语,,,,,,LP1763607513342,,,,,,,,香港国际教育旺角留学考试中心,香港国际教育旺角留学考试中心,"寒假,春季,暑假,秋季",,,,,2025,202512,2026,20263,202607,,,,1650,,,,1650,0,,,2,480,120,480,0,,,高端,,,10202,1对1课时包
NULL,1248,香港国际教育,30,国外考试部,,2200037560,香港国际教育培训中心,,高中,常规体系,DSE,不区分,英语,,,,,,LP17645720035100,,,,,,,,香港国际教育旺角留学考试中心,香港国际教育旺角留学考试中心,"寒假,春季,暑假,秋季",,,,,2025,202512,2026,20263,202607,,,,1700,,,,1700,0,,,2,1440,120,720,720,,,高端,,,10202,1对1课时包
NULL,1248,香港国际教育,30,国外考试部,,2200037560,香港国际教育培训中心,,高中,常规体系,DSE,不区分,英语,,,,,,LP1763607513342,,,,,,,,香港国际教育旺角留学考试中心,香港国际教育旺角留学考试中心,"寒假,春季,暑假,秋季",,,,,2025,202512,2026,20263,202607,,,,3300,,,,3300,0,,,4,480,240,480,0,,,高端,,,10202,1对1课时包
NULL,1248,香港国际教育,30,国外考试部,,2200037560,香港国际教育培训中心,,高中,常规体系,DSE,不区分,英语,,,,,,LP17645720035100,,,,,,,,香港国际教育旺角留学考试中心,香港国际教育旺角留学考试中心,"寒假,春季,暑假,秋季",,,,,2025,202512,2026,20263,202607,,,,6800,,,,6800,0,,,8,1440,480,720,720,,,高端,,,10202,1对1课时包
NULL,1248,香港国际教育,30,国外考试部,,2200037560,香港国际教育培训中心,,高中,常规体系,DSE,不区分,英语,,,,,,LP17659583621480,,,,,,,,香港国际教育旺角留学考试中心,香港国际教育旺角留学考试中心,"寒假,春季,暑假,秋季",,,,,2025,202512,2026,20263,202607,,,,1700,,,,1700,0,,,2,120,120,120,0,,,高端,,,10202,1对1课时包
NULL,1248,香港国际教育,30,国外考试部,,2200037560,香港国际教育培训中心,,高中,常规体系,DSE,不区分,英语,,,,,,LP17642355221882,,,,,,,,香港国际教育旺角留学考试中心,香港国际教育旺角留学考试中心,"寒假,春季,暑假,秋季",,,,,2025,202512,2026,20263,202607,,,,1700,,,,1700,0,,,2,480,120,360,120,,,高端,,,10202,1对1课时包
NULL,1248,香港国际教育,30,国外考试部,,2200037560,香港国际教育培训中心,,高中,常规体系,DSE,不区分,英语,,,,,,LP176420942130,,,,,,,,香港国际教育旺角留学考试中心,香港国际教育旺角留学考试中心,"寒假,春季,暑假,秋季",,,,,2025,202512,2026,20263,202607,,,,3400,,,,3400,0,,,4,240,240,240,0,,,高端,,,10202,1对1课时包
NULL,1248,香港国际教育,30,国外考试部,,2200037560,香港国际教育培训中心,,高中,常规体系,DSE,不区分,英语,,,,,,LP17642355221882,,,,,,,,香港国际教育旺角留学考试中心,香港国际教育旺角留学考试中心,"寒假,春季,暑假,秋季",,,,,2025,202512,2026,20263,202607,,,,3400,,,,3400,0,,,4,480,240,360,120,,,高端,,,10202,1对1课时包
NULL,1248,香港国际教育,30,国外考试部,,2200037560,香港国际教育培训中心,,高中,常规体系,DSE,不区分,英语,,,,,,LP17643947701230,,,,,,,,香港国际教育旺角留学考试中心,香港国际教育旺角留学考试中心,"寒假,春季,暑假,秋季",,,,,2025,202512,2026,20263,202607,,,,5100,,,,5100,0,,,6,480,360,480,0,,,高端,,,10202,1对1课时包
NULL,1248,香港国际教育,30,国外考试部,,2200037560,香港国际教育培训中心,,高中,常规体系,DSE,不区分,英语,,,,,,LP17644950243892,,,,,,,,香港国际教育旺角留学考试中心,香港国际教育旺角留学考试中心,"寒假,春季,暑假,秋季",,,,,2025,202512,2026,20263,202607,,,,1700,,,,1700,0,,,2,240,120,240,0,,,高端,,,10202,1对1课时包
NULL,1248,香港国际教育,30,国外考试部,,2200037560,香港国际教育培训中心,,高中,常规体系,DSE,不区分,英语,,,,,,LP17643947701230,,,,,,,,香港国际教育旺角留学考试中心,香港国际教育旺角留学考试中心,"寒假,春季,暑假,秋季",,,,,2025,202512,2026,20263,202607,,,,1700,,,,1700,0,,,2,480,120,480,0,,,高端,,,10202,1对1课时包
NULL,1248,香港国际教育,30,国外考试部,,2200037560,香港国际教育培训中心,,高中,常规体系,DSE,不区分,英语,,,,,,LP17644950243892,,,,,,,,香港国际教育旺角留学考试中心,香港国际教育旺角留学考试中心,"寒假,春季,暑假,秋季",,,,,2025,202512,2026,20263,202607,,,,1700,,,,1700,0,,,2,240,120,240,0,,,高端,,,10202,1对1课时包
NULL,1248,香港国际教育,30,国外考试部,,2200037560,香港国际教育培训中心,,高中,常规体系,DSE,不区分,英语,,,,,,LP17645028015154,,,,,,,,香港国际教育旺角留学考试中心,香港国际教育旺角留学考试中心,"寒假,春季,暑假,秋季",,,,,2025,202512,2026,20263,202607,,,,1326.67,,,,1326.67,0,,,2,240,120,240,0,,,高端,,,10202,1对1课时包
NULL,1248,香港国际教育,30,国外考试部,,2200037560,香港国际教育培训中心,,高中,常规体系,DSE,不区分,英语,,,,,,LP17614689181707,,,,,,,,香港国际教育旺角留学考试中心,香港国际教育旺角留学考试中心,"寒假,春季,暑假,秋季",,,,,2025,202512,2026,20263,202607,,,,0,,,,0,0,,,2,240,120,240,0,,,高端,,,10202,1对1课时包
NULL,1248,香港国际教育,30,国外考试部,,2200037560,香港国际教育培训中心,,高中,常规体系,DSE,不区分,英语,,,,,,LP17645028015154,,,,,,,,香港国际教育旺角留学考试中心,香港国际教育旺角留学考试中心,"寒假,春季,暑假,秋季",,,,,2025,202512,2026,20263,202607,,,,1326.67,,,,1326.67,0,,,2,240,120,240,0,,,高端,,,10202,1对1课时包
NULL,1248,香港国际教育,30,国外考试部,,2200037560,香港国际教育培训中心,,高中,常规体系,DSE,不区分,英语,,,,,,LP17614689181707,,,,,,,,香港国际教育旺角留学考试中心,香港国际教育旺角留学考试中心,"寒假,春季,暑假,秋季",,,,,2025,202512,2026,20263,202607,,,,0,,,,0,0,,,2,240,120,240,0,,,高端,,,10202,1对1课时包
NULL,1248,香港国际教育,30,国外考试部,,2200037560,香港国际教育培训中心,,高中,常规体系,DSE,不区分,英语,,,,,,LP17645071785729,,,,,,,,香港国际教育旺角留学考试中心,香港国际教育旺角留学考试中心,"寒假,春季,暑假,秋季",,,,,2025,202512,2026,20263,202607,,,,1326.67,,,,1326.67,0,,,2,240,120,240,0,,,高端,,,10202,1对1课时包
NULL,1248,香港国际教育,30,国外考试部,,2200037560,香港国际教育培训中心,,高中,常规体系,DSE,不区分,英语,,,,,,LP17656935221366,,,,,,,,香港国际教育旺角留学考试中心,香港国际教育旺角留学考试中心,"寒假,春季,暑假,秋季",,,,,2025,202512,2026,20263,202607,,,,1700,,,,1700,0,,,2,120,120,120,0,,,高端,,,10202,1对1课时包
NULL,1248,香港国际教育,30,国外考试部,,2200037560,香港国际教育培训中心,,高中,常规体系,DSE,不区分,英语,,,,,,LP17645071785729,,,,,,,,香港国际教育旺角留学考试中心,香港国际教育旺角留学考试中心,"寒假,春季,暑假,秋季",,,,,2025,202512,2026,20263,202607,,,,1326.67,,,,1326.67,0,,,2,240,120,240,0,,,高端,,,10202,1对1课时包
NULL,1248,香港国际教育,30,国外考试部,,2200037560,香港国际教育培训中心,,高中,常规体系,DSE,不区分,英语,,,,,,LP17644178673953,,,,,,,,香港国际教育旺角留学考试中心,香港国际教育旺角留学考试中心,"寒假,春季,暑假,秋季",,,,,2025,202512,2026,20263,202607,,,,1700,,,,1700,0,,,2,720,120,600,120,,,高端,,,10202,1对1课时包
NULL,1248,香港国际教育,30,国外考试部,,2200037560,香港国际教育培训中心,,高中,常规体系,DSE,不区分,英语,,,,,,LP17643949571248,,,,,,,,香港国际教育旺角留学考试中心,香港国际教育旺角留学考试中心,"寒假,春季,暑假,秋季",,,,,2025,202512,2026,20263,202607,,,,1700,,,,1700,0,,,2,720,120,600,120,,,高端,,,10202,1对1课时包
NULL,1248,香港国际教育,30,国外考试部,,2200037560,香港国际教育培训中心,,高中,常规体系,DSE,不区分,英语,,,,,,LP17644178673953,,,,,,,,香港国际教育旺角留学考试中心,香港国际教育旺角留学考试中心,"寒假,春季,暑假,秋季",,,,,2025,202512,2026,20263,202607,,,,5100,,,,5100,0,,,6,720,360,600,120,,,高端,,,10202,1对1课时包
NULL,1248,香港国际教育,30,国外考试部,,2200037560,香港国际教育培训中心,,高中,常规体系,DSE,不区分,英语,,,,,,LP17643949571248,,,,,,,,香港国际教育旺角留学考试中心,香港国际教育旺角留学考试中心,"寒假,春季,暑假,秋季",,,,,2025,202512,2026,20263,202607,,,,3400,,,,3400,0,,,4,720,240,600,120,,,高端,,,10202,1对1课时包
NULL,1248,香港国际教育,30,国外考试部,,2200037560,香港国际教育培训中心,,高中,常规体系,DSE,不区分,英语,,,,,,LP17644178673953,,,,,,,,香港国际教育旺角留学考试中心,香港国际教育旺角留学考试中心,"寒假,春季,暑假,秋季",,,,,2025,202512,2026,20263,202607,,,,1700,,,,1700,0,,,2,720,120,600,120,,,高端,,,10202,1对1课时包
NULL,1248,香港国际教育,30,国外考试部,,2200037560,香港国际教育培训中心,,高中,常规体系,DSE,不区分,英语,,,,,,LP17643949571248,,,,,,,,香港国际教育旺角留学考试中心,香港国际教育旺角留学考试中心,"寒假,春季,暑假,秋季",,,,,2025,202512,2026,20263,202607,,,,3400,,,,3400,0,,,4,720,240,600,120,,,高端,,,10202,1对1课时包
NULL,1248,香港国际教育,30,国外考试部,,2200037560,香港国际教育培训中心,,高中,常规体系,DSE,不区分,英语,,,,,,LP17659667222193,,,,,,,,香港国际教育旺角留学考试中心,香港国际教育旺角留学考试中心,"寒假,春季,暑假,秋季",,,,,2025,202512,2026,20263,202607,,,,1588.89,,,,1588.89,0,,,2,1080,120,240,840,,,高端,,,10202,1对1课时包
NULL,1248,香港国际教育,30,国外考试部,,2200037560,香港国际教育培训中心,,高中,常规体系,DSE,不区分,英语,,,,,,LP1765426480894,,,,,,,,香港国际教育旺角留学考试中心,香港国际教育旺角留学考试中心,"寒假,春季,暑假,秋季",,,,,2025,202512,2026,20263,202607,,,,1700,,,,1700,0,,,2,720,120,720,0,,,高端,,,10202,1对1课时包
NULL,1248,香港国际教育,30,国外考试部,,2200037560,香港国际教育培训中心,,高中,常规体系,DSE,不区分,英语,,,,,,LP17659667222193,,,,,,,,香港国际教育旺角留学考试中心,香港国际教育旺角留学考试中心,"寒假,春季,暑假,秋季",,,,,2025,202512,2026,20263,202607,,,,1588.89,,,,1588.89,0,,,2,1080,120,240,840,,,高端,,,10202,1对1课时包
NULL,1248,香港国际教育,30,国外考试部,,2200037560,香港国际教育培训中心,,高中,常规体系,DSE,不区分,英语,,,,,,LP1765426480894,,,,,,,,香港国际教育旺角留学考试中心,香港国际教育旺角留学考试中心,"寒假,春季,暑假,秋季",,,,,2025,202512,2026,20263,202607,,,,8500,,,,8500,0,,,10,720,600,720,0,,,高端,,,10202,1对1课时包
NULL,1248,香港国际教育,30,国外考试部,,2200037560,香港国际教育培训中心,,高中,常规体系,DSE,不区分,英语,,,,,,LP17647556372792,,,,,,,,香港国际教育旺角留学考试中心,香港国际教育旺角留学考试中心,"寒假,春季,暑假,秋季",,,,,2025,202512,2026,20263,202607,,,,1700,,,,1700,0,,,2,120,120,120,0,,,高端,,,10202,1对1课时包
NULL,1248,香港国际教育,30,国外考试部,,2200037560,香港国际教育培训中心,,高中,常规体系,DSE,不区分,英语,,,,,,LP17614676841601,,,,,,,,香港国际教育旺角留学考试中心,香港国际教育旺角留学考试中心,"寒假,春季,暑假,秋季",,,,,2025,202512,2026,20263,202607,,,,1588.89,,,,1588.89,0,,,2,1080,120,960,120,,,高端,,,10202,1对1课时包
NULL,1248,香港国际教育,30,国外考试部,,2200037560,香港国际教育培训中心,,高中,常规体系,IELTS,不区分,写作,,,,,,LP17626859172985,,,,,,,,香港国际教育旺角留学考试中心,香港国际教育旺角留学考试中心,"寒假,春季,暑假,秋季",,,,,2025,202512,2026,20263,202607,,,,1700,,,,1700,0,,,2,480,120,480,0,,,高端,,,10202,1对1课时包
NULL,1248,香港国际教育,30,国外考试部,,2200037560,香港国际教育培训中心,,高中,常规体系,IELTS,不区分,写作,,,,,,LP1765856951460,,,,,,,,香港国际教育旺角留学考试中心,香港国际教育旺角留学考试中心,"寒假,春季,暑假,秋季",,,,,2025,202512,2026,20263,202607,,,,3400,,,,3400,0,,,4,1200,240,1200,0,,,高端,,,10202,1对1课时包
NULL,1248,香港国际教育,30,国外考试部,,2200037560,香港国际教育培训中心,,高中,常规体系,IELTS,不区分,写作,,,,,,LP17650212683448,,,,,,,,香港国际教育旺角留学考试中心,香港国际教育旺角留学考试中心,"寒假,春季,暑假,秋季",,,,,2025,202512,2026,20263,202607,,,,1700,,,,1700,0,,,2,960,120,960,0,,,高端,,,10202,1对1课时包
NULL,1248,香港国际教育,30,国外考试部,,2200037560,香港国际教育培训中心,,高中,常规体系,IELTS,不区分,写作,,,,,,LP17650212683448,,,,,,,,香港国际教育旺角留学考试中心,香港国际教育旺角留学考试中心,"寒假,春季,暑假,秋季",,,,,2025,202512,2026,20263,202607,,,,3400,,,,3400,0,,,4,960,240,960,0,,,高端,,,10202,1对1课时包
NULL,1248,香港国际教育,30,国外考试部,,2200037560,香港国际教育培训中心,,高中,常规体系,IELTS,不区分,口语,,,,,,LP1761878214188,,,,,,,,香港国际教育旺角留学考试中心,香港国际教育旺角留学考试中心,"寒假,春季,暑假,秋季",,,,,2025,202512,2026,20263,202607,,,,1623.07,,,,1623.07,0,,,2,1560,120,1560,0,,,高端,,,10202,1对1课时包
NULL,1248,香港国际教育,30,国外考试部,,2200037560,香港国际教育培训中心,,高中,常规体系,IELTS,不区分,口语,,,,,,LP1765856951460,,,,,,,,香港国际教育旺角留学考试中心,香港国际教育旺角留学考试中心,"寒假,春季,暑假,秋季",,,,,2025,202512,2026,20263,202607,,,,3400,,,,3400,0,,,4,1200,240,1200,0,,,高端,,,10202,1对1课时包
NULL,1248,香港国际教育,30,国外考试部,,2200037560,香港国际教育培训中心,,高中,常规体系,IELTS,不区分,口语,,,,,,LP17650212683448,,,,,,,,香港国际教育旺角留学考试中心,香港国际教育旺角留学考试中心,"寒假,春季,暑假,秋季",,,,,2025,202512,2026,20263,202607,,,,1700,,,,1700,0,,,2,960,120,960,0,,,高端,,,10202,1对1课时包
NULL,1248,香港国际教育,30,国外考试部,,2200037560,香港国际教育培训中心,,高中,常规体系,IELTS,不区分,口语,,,,,,LP1757825169764,,,,,,,,香港国际教育旺角留学考试中心,香港国际教育旺角留学考试中心,"寒假,春季,暑假,秋季",,,,,2025,202512,2026,20263,202607,,,,808.33,,,,808.33,0,,,1,720,60,720,0,,,高端,,,10202,1对1课时包
NULL,1248,香港国际教育,30,国外考试部,,2200037560,香港国际教育培训中心,,高中,常规体系,IELTS,不区分,口语,,,,,,LP17669127652307,,,,,,,,香港国际教育旺角留学考试中心,香港国际教育旺角留学考试中心,"寒假,春季,暑假,秋季",,,,,2025,202512,2026,20263,202607,,,,1656.52,,,,1656.52,0,,,2,2760,120,240,2520,,,高端,,,10202,1对1课时包
NULL,1248,香港国际教育,30,国外考试部,,2200037560,香港国际教育培训中心,,高中,常规体系,IELTS,不区分,听力,,,,,,LP1761878214188,,,,,,,,香港国际教育旺角留学考试中心,香港国际教育旺角留学考试中心,"寒假,春季,暑假,秋季",,,,,2025,202512,2026,20263,202607,,,,1623.08,,,,1623.08,0,,,2,1560,120,1560,0,,,高端,,,10202,1对1课时包
NULL,1248,香港国际教育,30,国外考试部,,2200037560,香港国际教育培训中心,,高中,常规体系,IELTS,不区分,听力,,,,,,LP1765856951460,,,,,,,,香港国际教育旺角留学考试中心,香港国际教育旺角留学考试中心,"寒假,春季,暑假,秋季",,,,,2025,202512,2026,20263,202607,,,,1700,,,,1700,0,,,2,1200,120,1200,0,,,高端,,,10202,1对1课时包
NULL,1248,香港国际教育,30,国外考试部,,2200037560,香港国际教育培训中心,,高中,常规体系,IELTS,不区分,听力,,,,,,LP1765856951460,,,,,,,,香港国际教育旺角留学考试中心,香港国际教育旺角留学考试中心,"寒假,春季,暑假,秋季",,,,,2025,202512,2026,20263,202607,,,,3400,,,,3400,0,,,4,1200,240,1200,0,,,高端,,,10202,1对1课时包
NULL,1248,香港国际教育,30,国外考试部,,2200037560,香港国际教育培训中心,,高中,常规体系,IELTS,不区分,听力,,,,,,LP17650212683448,,,,,,,,香港国际教育旺角留学考试中心,香港国际教育旺角留学考试中心,"寒假,春季,暑假,秋季",,,,,2025,202512,2026,20263,202607,,,,3400,,,,3400,0,,,4,960,240,960,0,,,高端,,,10202,1对1课时包
NULL,1248,香港国际教育,30,国外考试部,,2200037560,香港国际教育培训中心,,高中,常规体系,IELTS,不区分,听力,,,,,,LP17650212683448,,,,,,,,香港国际教育旺角留学考试中心,香港国际教育旺角留学考试中心,"寒假,春季,暑假,秋季",,,,,2025,202512,2026,20263,202607,,,,1700,,,,1700,0,,,2,960,120,960,0,,,高端,,,10202,1对1课时包
NULL,1248,香港国际教育,30,国外考试部,,2200037560,香港国际教育培训中心,,高中,常规体系,IELTS,不区分,听力,,,,,,LP1757825169764,,,,,,,,香港国际教育旺角留学考试中心,香港国际教育旺角留学考试中心,"寒假,春季,暑假,秋季",,,,,2025,202512,2026,20263,202607,,,,808.33,,,,808.33,0,,,1,720,60,720,0,,,高端,,,10202,1对1课时包
NULL,1248,香港国际教育,30,国外考试部,,2200037560,香港国际教育培训中心,,高中,常规体系,IELTS,不区分,听力,,,,,,LP17669127652307,,,,,,,,香港国际教育旺角留学考试中心,香港国际教育旺角留学考试中心,"寒假,春季,暑假,秋季",,,,,2025,202512,2026,20263,202607,,,,1656.52,,,,1656.52,0,,,2,2760,120,240,2520,,,高端,,,10202,1对1课时包
NULL,1248,香港国际教育,30,国外考试部,,2200037560,香港国际教育培训中心,,高中,常规体系,IELTS,不区分,阅读,,,,,,LP1761878214188,,,,,,,,香港国际教育旺角留学考试中心,香港国际教育旺角留学考试中心,"寒假,春季,暑假,秋季",,,,,2025,202512,2026,20263,202607,,,,1623.07,,,,1623.07,0,,,2,1560,120,1560,0,,,高端,,,10202,1对1课时包
NULL,1248,香港国际教育,30,国外考试部,,2200037560,香港国际教育培训中心,,高中,常规体系,IELTS,不区分,阅读,,,,,,LP1765856951460,,,,,,,,香港国际教育旺角留学考试中心,香港国际教育旺角留学考试中心,"寒假,春季,暑假,秋季",,,,,2025,202512,2026,20263,202607,,,,1700,,,,1700,0,,,2,1200,120,1200,0,,,高端,,,10202,1对1课时包
NULL,1248,香港国际教育,30,国外考试部,,2200037560,香港国际教育培训中心,,高中,常规体系,IELTS,不区分,阅读,,,,,,LP1765856951460,,,,,,,,香港国际教育旺角留学考试中心,香港国际教育旺角留学考试中心,"寒假,春季,暑假,秋季",,,,,2025,202512,2026,20263,202607,,,,3400,,,,3400,0,,,4,1200,240,1200,0,,,高端,,,10202,1对1课时包
NULL,1248,香港国际教育,30,国外考试部,,2200037560,香港国际教育培训中心,,高中,常规体系,IELTS,不区分,阅读,,,,,,LP17644061932678,,,,,,,,香港国际教育旺角留学考试中心,香港国际教育旺角留学考试中心,"寒假,春季,暑假,秋季",,,,,2025,202512,2026,20263,202607,,,,1700,,,,1700,0,,,2,480,120,120,360,,,高端,,,10202,1对1课时包
NULL,1248,香港国际教育,30,国外考试部,,2200037560,香港国际教育培训中心,,高中,常规体系,IELTS,不区分,阅读,,,,,,LP17650212683448,,,,,,,,香港国际教育旺角留学考试中心,香港国际教育旺角留学考试中心,"寒假,春季,暑假,秋季",,,,,2025,202512,2026,20263,202607,,,,1700,,,,1700,0,,,2,960,120,960,0,,,高端,,,10202,1对1课时包
NULL,1248,香港国际教育,30,国外考试部,,2200037560,香港国际教育培训中心,,高中,常规体系,IELTS,不区分,阅读,,,,,,LP1757825169764,,,,,,,,香港国际教育旺角留学考试中心,香港国际教育旺角留学考试中心,"寒假,春季,暑假,秋季",,,,,2025,202512,2026,20263,202607,,,,808.34,,,,808.34,0,,,1,720,60,720,0,,,高端,,,10202,1对1课时包
NULL,1248,香港国际教育,30,国外考试部,,2200037560,香港国际教育培训中心,,初中,常规体系,IELTS,不区分,写作,,,,,,LP17654431572551,,,,,,,,香港国际教育旺角留学考试中心,香港国际教育旺角留学考试中心,"寒假,春季,暑假,秋季",,,,,2026,202601,2026,20263,202608,,,,850,,,,850,0,,,1,240,60,240,0,,,高端,,,10202,1对1课时包
NULL,1248,香港国际教育,30,国外考试部,,2200037560,香港国际教育培训中心,,初中,常规体系,IELTS,不区分,写作,,,,,,LP1762398986342,,,,,,,,香港国际教育旺角留学考试中心,香港国际教育旺角留学考试中心,"寒假,春季,暑假,秋季",,,,,2026,202601,2026,20263,202608,,,,1700,,,,1700,0,,,2,480,120,360,120,,,高端,,,10202,1对1课时包
NULL,1248,香港国际教育,30,国外考试部,,2200037560,香港国际教育培训中心,,初中,常规体系,IELTS,不区分,写作,,,,,,LP1766978766229,,,,,,,,香港国际教育旺角留学考试中心,香港国际教育旺角留学考试中心,"寒假,春季,暑假,秋季",,,,,2026,202601,2026,20263,202608,,,,1700,,,,1700,0,,,2,360,120,360,0,,,高端,,,10202,1对1课时包
NULL,1248,香港国际教育,30,国外考试部,,2200037560,香港国际教育培训中心,,初中,常规体系,IELTS,不区分,写作,,,,,,LP1766978766229,,,,,,,,香港国际教育旺角留学考试中心,香港国际教育旺角留学考试中心,"寒假,春季,暑假,秋季",,,,,2026,202601,2026,20263,202608,,,,1700,,,,1700,0,,,2,360,120,360,0,,,高端,,,10202,1对1课时包
NULL,1248,香港国际教育,30,国外考试部,,2200037560,香港国际教育培训中心,,初中,常规体系,IELTS,不区分,口语,,,,,,LP1768881489258,,,,,,,,香港国际教育旺角留学考试中心,香港国际教育旺角留学考试中心,"寒假,春季,暑假,秋季",,,,,2026,202601,2026,20263,202608,,,,3400,,,,3400,0,,,4,480,240,240,240,,,高端,,,10202,1对1课时包
NULL,1248,香港国际教育,30,国外考试部,,2200037560,香港国际教育培训中心,,初中,常规体系,IELTS,不区分,听力,,,,,,LP17614646601376,,,,,,,,香港国际教育旺角留学考试中心,香港国际教育旺角留学考试中心,"寒假,春季,暑假,秋季",,,,,2026,202601,2026,20263,202608,,,,1588.88,,,,1588.88,0,,,2,1080,120,1080,0,,,高端,,,10202,1对1课时包
NULL,1248,香港国际教育,30,国外考试部,,2200037560,香港国际教育培训中心,,初中,常规体系,IELTS,不区分,阅读,,,,,,LP17665720701782,,,,,,,,香港国际教育旺角留学考试中心,香港国际教育旺角留学考试中心,"寒假,春季,暑假,秋季",,,,,2026,202601,2026,20263,202608,,,,1700,,,,1700,0,,,2,360,120,360,0,,,高端,,,10202,1对1课时包
NULL,1248,香港国际教育,30,国外考试部,,2200037560,香港国际教育培训中心,,初中,常规体系,IELTS,不区分,阅读,,,,,,LP17665720701782,,,,,,,,香港国际教育旺角留学考试中心,香港国际教育旺角留学考试中心,"寒假,春季,暑假,秋季",,,,,2026,202601,2026,20263,202608,,,,3400,,,,3400,0,,,4,360,240,360,0,,,高端,,,10202,1对1课时包
NULL,1248,香港国际教育,30,国外考试部,,2200037560,香港国际教育培训中心,,初中,常规体系,IELTS,不区分,阅读,,,,,,LP1766978766229,,,,,,,,香港国际教育旺角留学考试中心,香港国际教育旺角留学考试中心,"寒假,春季,暑假,秋季",,,,,2026,202601,2026,20263,202608,,,,1700,,,,1700,0,,,2,360,120,360,0,,,高端,,,10202,1对1课时包
NULL,1248,香港国际教育,30,国外考试部,,2200037560,香港国际教育培训中心,,初中,常规体系,IELTS,不区分,阅读,,,,,,LP1768881489258,,,,,,,,香港国际教育旺角留学考试中心,香港国际教育旺角留学考试中心,"寒假,春季,暑假,秋季",,,,,2026,202602,2026,20263,202609,,,,1700,,,,1700,0,,,2,480,120,480,0,,,高端,,,10202,1对1课时包
NULL,1248,香港国际教育,30,国外考试部,,2200037560,香港国际教育培训中心,,初中,常规体系,IELTS,不区分,阅读,,,,,,LP1768881489258,,,,,,,,香港国际教育旺角留学考试中心,香港国际教育旺角留学考试中心,"寒假,春季,暑假,秋季",,,,,2026,202602,2026,20263,202609,,,,1700,,,,1700,0,,,2,480,120,480,0,,,高端,,,10202,1对1课时包
NULL,1248,香港国际教育,30,国外考试部,,2200037560,香港国际教育培训中心,,大学雅思,常规体系,IELTS,不区分,写作,,,,,,LP17668190371242,,,,,,,,香港国际教育旺角留学考试中心,香港国际教育旺角留学考试中心,"寒假,春季,暑假,秋季",,,,,2026,202601,2026,20263,202608,,,,1700,,,,1700,0,,,2,480,120,480,0,,,高端,,,10202,1对1课时包
NULL,1248,香港国际教育,30,国外考试部,,2200037560,香港国际教育培训中心,,大学雅思,常规体系,IELTS,不区分,口语,,,,,,LP17668190371242,,,,,,,,香港国际教育旺角留学考试中心,香港国际教育旺角留学考试中心,"寒假,春季,暑假,秋季",,,,,2026,202601,2026,20263,202608,,,,1700,,,,1700,0,,,2,480,120,480,0,,,高端,,,10202,1对1课时包
NULL,1248,香港国际教育,30,国外考试部,,2200037560,香港国际教育培训中心,,大学雅思,常规体系,IELTS,不区分,听力,,,,,,LP17668190371242,,,,,,,,香港国际教育旺角留学考试中心,香港国际教育旺角留学考试中心,"寒假,春季,暑假,秋季",,,,,2026,202601,2026,20263,202608,,,,1700,,,,1700,0,,,2,480,120,480,0,,,高端,,,10202,1对1课时包
NULL,1248,香港国际教育,30,国外考试部,,2200037560,香港国际教育培训中心,,大学雅思,常规体系,IELTS,不区分,阅读,,,,,,LP17668190371242,,,,,,,,香港国际教育旺角留学考试中心,香港国际教育旺角留学考试中心,"寒假,春季,暑假,秋季",,,,,2026,202601,2026,20263,202608,,,,1700,,,,1700,0,,,2,480,120,480,0,,,高端,,,10202,1对1课时包
NULL,1248,香港国际教育,30,国外考试部,,2200037560,香港国际教育培训中心,,大学雅思,常规体系,IELTS,不区分,听力,,,,,,LP17698262043290,,,,,,,,香港国际教育旺角留学考试中心,香港国际教育旺角留学考试中心,"寒假,春季,暑假,秋季",,,,,2026,202602,2026,20263,202609,,,,1628.57,,,,1628.57,0,,,2,1680,120,720,960,,,高端,,,10202,1对1课时包
NULL,1248,香港国际教育,30,国外考试部,,2200037560,香港国际教育培训中心,,大学雅思,常规体系,IELTS,不区分,听力,,,,,,LP17698262043290,,,,,,,,香港国际教育旺角留学考试中心,香港国际教育旺角留学考试中心,"寒假,春季,暑假,秋季",,,,,2026,202602,2026,20263,202609,,,,1628.57,,,,1628.57,0,,,2,1680,120,720,960,,,高端,,,10202,1对1课时包
NULL,1248,香港国际教育,30,国外考试部,,2200037560,香港国际教育培训中心,,大学雅思,常规体系,IELTS,不区分,阅读,,,,,,LP17698262043290,,,,,,,,香港国际教育旺角留学考试中心,香港国际教育旺角留学考试中心,"寒假,春季,暑假,秋季",,,,,2026,202602,2026,20263,202609,,,,1628.57,,,,1628.57,0,,,2,1680,120,720,960,,,高端,,,10202,1对1课时包
NULL,1248,香港国际教育,30,国外考试部,,2200037560,香港国际教育培训中心,,大学雅思,常规体系,IELTS,不区分,阅读,,,,,,LP17698262043290,,,,,,,,香港国际教育旺角留学考试中心,香港国际教育旺角留学考试中心,"寒假,春季,暑假,秋季",,,,,2026,202602,2026,20263,202609,,,,1628.57,,,,1628.57,0,,,2,1680,120,720,960,,,高端,,,10202,1对1课时包
NULL,1248,香港国际教育,30,国外考试部,,2200037560,香港国际教育培训中心,,大学雅思,常规体系,IELTS,不区分,阅读,,,,,,LP17698262043290,,,,,,,,香港国际教育旺角留学考试中心,香港国际教育旺角留学考试中心,"寒假,春季,暑假,秋季",,,,,2026,202602,2026,20263,202609,,,,3257.14,,,,3257.14,0,,,4,1680,240,720,960,,,高端,,,10202,1对1课时包
NULL,1248,香港国际教育,30,国外考试部,,2200037560,香港国际教育培训中心,,大学雅思,常规体系,IELTS,不区分,写作,,,,,,LP17698262043290,,,,,,,,香港国际教育旺角留学考试中心,香港国际教育旺角留学考试中心,"寒假,春季,暑假,秋季",,,,,2026,202603,2026,20264,202610,,,,3257.15,,,,3257.15,0,,,4,1680,240,1680,0,,,高端,,,10202,1对1课时包
NULL,1248,香港国际教育,30,国外考试部,,2200037560,香港国际教育培训中心,,大学雅思,常规体系,IELTS,不区分,写作,,,,,,LP17698262043290,,,,,,,,香港国际教育旺角留学考试中心,香港国际教育旺角留学考试中心,"寒假,春季,暑假,秋季",,,,,2026,202603,2026,20264,202610,,,,3257.14,,,,3257.14,0,,,4,1680,240,1680,0,,,高端,,,10202,1对1课时包
NULL,1248,香港国际教育,30,国外考试部,,2200037560,香港国际教育培训中心,,大学雅思,常规体系,IELTS,不区分,听力,,,,,,LP17698262043290,,,,,,,,香港国际教育旺角留学考试中心,香港国际教育旺角留学考试中心,"寒假,春季,暑假,秋季",,,,,2026,202603,2026,20264,202610,,,,3257.14,,,,3257.14,0,,,4,1680,240,1680,0,,,高端,,,10202,1对1课时包
NULL,1248,香港国际教育,30,国外考试部,,2200037560,香港国际教育培训中心,,大学雅思,常规体系,IELTS,不区分,听力,,,,,,LP17698262043290,,,,,,,,香港国际教育旺角留学考试中心,香港国际教育旺角留学考试中心,"寒假,春季,暑假,秋季",,,,,2026,202603,2026,20264,202610,,,,3257.15,,,,3257.15,0,,,4,1680,240,1680,0,,,高端,,,10202,1对1课时包
NULL,1248,香港国际教育,30,国外考试部,,2200037560,香港国际教育培训中心,,高中,常规体系,DSE,不区分,,,,,,,LP17645028015154,,,,,,,,香港国际教育旺角留学考试中心,香港国际教育旺角留学考试中心,"寒假,春季,暑假,秋季",,,,,2026,202601,2026,20263,202608,,,,0.66,,,,0.66,0,,,0,240,0,240,0,,,高端,,,10202,1对1课时包
NULL,1248,香港国际教育,30,国外考试部,,2200037560,香港国际教育培训中心,,高中,常规体系,DSE,不区分,,,,,,,LP17645071785729,,,,,,,,香港国际教育旺角留学考试中心,香港国际教育旺角留学考试中心,"寒假,春季,暑假,秋季",,,,,2026,202601,2026,20263,202608,,,,0.66,,,,0.66,0,,,0,240,0,240,0,,,高端,,,10202,1对1课时包
NULL,1248,香港国际教育,30,国外考试部,,2200037560,香港国际教育培训中心,,高中,常规体系,DSE,不区分,英语,,,,,,LP17645720035100,,,,,,,,香港国际教育旺角留学考试中心,香港国际教育旺角留学考试中心,"寒假,春季,暑假,秋季",,,,,2026,202601,2026,20263,202608,,,,1700,,,,1700,0,,,2,1440,120,1200,240,,,高端,,,10202,1对1课时包
NULL,1248,香港国际教育,30,国外考试部,,2200037560,香港国际教育培训中心,,高中,常规体系,DSE,不区分,英语,,,,,,LP17669216343130,,,,,,,,香港国际教育旺角留学考试中心,香港国际教育旺角留学考试中心,"寒假,春季,暑假,秋季",,,,,2026,202601,2026,20263,202608,,,,1700,,,,1700,0,,,2,240,120,120,120,,,高端,,,10202,1对1课时包
NULL,1248,香港国际教育,30,国外考试部,,2200037560,香港国际教育培训中心,,高中,常规体系,DSE,不区分,英语,,,,,,LP17645720035100,,,,,,,,香港国际教育旺角留学考试中心,香港国际教育旺角留学考试中心,"寒假,春季,暑假,秋季",,,,,2026,202601,2026,20263,202608,,,,1700,,,,1700,0,,,2,1440,120,1200,240,,,高端,,,10202,1对1课时包
NULL,1248,香港国际教育,30,国外考试部,,2200037560,香港国际教育培训中心,,高中,常规体系,DSE,不区分,英语,,,,,,LP176887658828,,,,,,,,香港国际教育旺角留学考试中心,香港国际教育旺角留学考试中心,"寒假,春季,暑假,秋季",,,,,2026,202601,2026,20263,202608,,,,1700,,,,1700,0,,,2,480,120,360,120,,,高端,,,10202,1对1课时包
NULL,1248,香港国际教育,30,国外考试部,,2200037560,香港国际教育培训中心,,高中,常规体系,DSE,不区分,英语,,,,,,LP17645720035100,,,,,,,,香港国际教育旺角留学考试中心,香港国际教育旺角留学考试中心,"寒假,春季,暑假,秋季",,,,,2026,202601,2026,20263,202608,,,,3400,,,,3400,0,,,4,1440,240,1200,240,,,高端,,,10202,1对1课时包
NULL,1248,香港国际教育,30,国外考试部,,2200037560,香港国际教育培训中心,,高中,常规体系,DSE,不区分,英语,,,,,,LP176887658828,,,,,,,,香港国际教育旺角留学考试中心,香港国际教育旺角留学考试中心,"寒假,春季,暑假,秋季",,,,,2026,202601,2026,20263,202608,,,,1275,,,,1275,0,,,1.5,480,90,360,120,,,高端,,,10202,1对1课时包
NULL,1248,香港国际教育,30,国外考试部,,2200037560,香港国际教育培训中心,,高中,常规体系,DSE,不区分,英语,,,,,,LP1757658023818,,,,,,,,香港国际教育旺角留学考试中心,香港国际教育旺角留学考试中心,"寒假,春季,暑假,秋季",,,,,2026,202601,2026,20263,202608,,,,1588.88,,,,1588.88,0,,,2,1080,120,1080,0,,,高端,,,10202,1对1课时包
NULL,1248,香港国际教育,30,国外考试部,,2200037560,香港国际教育培训中心,,高中,常规体系,DSE,不区分,英语,,,,,,LP176887658828,,,,,,,,香港国际教育旺角留学考试中心,香港国际教育旺角留学考试中心,"寒假,春季,暑假,秋季",,,,,2026,202601,2026,20263,202608,,,,2125,,,,2125,0,,,2.5,480,150,360,120,,,高端,,,10202,1对1课时包
NULL,1248,香港国际教育,30,国外考试部,,2200037560,香港国际教育培训中心,,高中,常规体系,DSE,不区分,英语,,,,,,LP1767065236242,,,,,,,,香港国际教育旺角留学考试中心,香港国际教育旺角留学考试中心,"寒假,春季,暑假,秋季",,,,,2026,202601,2026,20263,202608,,,,1700,,,,1700,0,,,2,480,120,360,120,,,高端,,,10202,1对1课时包
NULL,1248,香港国际教育,30,国外考试部,,2200037560,香港国际教育培训中心,,高中,常规体系,DSE,不区分,英语,,,,,,LP17614689551723,,,,,,,,香港国际教育旺角留学考试中心,香港国际教育旺角留学考试中心,"寒假,春季,暑假,秋季",,,,,2026,202601,2026,20263,202608,,,,0,,,,0,0,,,2,240,120,240,0,,,高端,,,10202,1对1课时包
NULL,1248,香港国际教育,30,国外考试部,,2200037560,香港国际教育培训中心,,高中,常规体系,DSE,不区分,英语,,,,,,LP1767065236242,,,,,,,,香港国际教育旺角留学考试中心,香港国际教育旺角留学考试中心,"寒假,春季,暑假,秋季",,,,,2026,202601,2026,20263,202608,,,,1700,,,,1700,0,,,2,480,120,360,120,,,高端,,,10202,1对1课时包
NULL,1248,香港国际教育,30,国外考试部,,2200037560,香港国际教育培训中心,,高中,常规体系,DSE,不区分,英语,,,,,,LP17614689551723,,,,,,,,香港国际教育旺角留学考试中心,香港国际教育旺角留学考试中心,"寒假,春季,暑假,秋季",,,,,2026,202601,2026,20263,202608,,,,0,,,,0,0,,,2,240,120,240,0,,,高端,,,10202,1对1课时包
NULL,1248,香港国际教育,30,国外考试部,,2200037560,香港国际教育培训中心,,高中,常规体系,DSE,不区分,英语,,,,,,LP1767065236242,,,,,,,,香港国际教育旺角留学考试中心,香港国际教育旺角留学考试中心,"寒假,春季,暑假,秋季",,,,,2026,202601,2026,20263,202608,,,,1700,,,,1700,0,,,2,480,120,360,120,,,高端,,,10202,1对1课时包
NULL,1248,香港国际教育,30,国外考试部,,2200037560,香港国际教育培训中心,,高中,常规体系,DSE,不区分,英语,,,,,,LP176758258879,,,,,,,,香港国际教育旺角留学考试中心,香港国际教育旺角留学考试中心,"寒假,春季,暑假,秋季",,,,,2026,202601,2026,20263,202608,,,,3400,,,,3400,0,,,4,360,240,360,0,,,高端,,,10202,1对1课时包
NULL,1248,香港国际教育,30,国外考试部,,2200037560,香港国际教育培训中心,,高中,常规体系,DSE,不区分,英语,,,,,,LP17642355221882,,,,,,,,香港国际教育旺角留学考试中心,香港国际教育旺角留学考试中心,"寒假,春季,暑假,秋季",,,,,2026,202601,2026,20263,202608,,,,1700,,,,1700,0,,,2,480,120,480,0,,,高端,,,10202,1对1课时包
NULL,1248,香港国际教育,30,国外考试部,,2200037560,香港国际教育培训中心,,高中,常规体系,DSE,不区分,英语,,,,,,LP176758258879,,,,,,,,香港国际教育旺角留学考试中心,香港国际教育旺角留学考试中心,"寒假,春季,暑假,秋季",,,,,2026,202601,2026,20263,202608,,,,1700,,,,1700,0,,,2,360,120,360,0,,,高端,,,10202,1对1课时包
NULL,1248,香港国际教育,30,国外考试部,,2200037560,香港国际教育培训中心,,高中,常规体系,DSE,不区分,英语,,,,,,LP17671661922018,,,,,,,,香港国际教育旺角留学考试中心,香港国际教育旺角留学考试中心,"寒假,春季,暑假,秋季",,,,,2026,202601,2026,20263,202608,,,,3400,,,,3400,0,,,4,720,240,480,240,,,高端,,,10202,1对1课时包
NULL,1248,香港国际教育,30,国外考试部,,2200037560,香港国际教育培训中心,,高中,常规体系,DSE,不区分,英语,,,,,,LP17643949571248,,,,,,,,香港国际教育旺角留学考试中心,香港国际教育旺角留学考试中心,"寒假,春季,暑假,秋季",,,,,2026,202601,2026,20263,202608,,,,1700,,,,1700,0,,,2,720,120,720,0,,,高端,,,10202,1对1课时包
NULL,1248,香港国际教育,30,国外考试部,,2200037560,香港国际教育培训中心,,高中,常规体系,DSE,不区分,英语,,,,,,LP17671661922018,,,,,,,,香港国际教育旺角留学考试中心,香港国际教育旺角留学考试中心,"寒假,春季,暑假,秋季",,,,,2026,202601,2026,20263,202608,,,,1700,,,,1700,0,,,2,720,120,480,240,,,高端,,,10202,1对1课时包
NULL,1248,香港国际教育,30,国外考试部,,2200037560,香港国际教育培训中心,,高中,常规体系,DSE,不区分,英语,,,,,,LP17671739152943,,,,,,,,香港国际教育旺角留学考试中心,香港国际教育旺角留学考试中心,"寒假,春季,暑假,秋季",,,,,2026,202601,2026,20263,202608,,,,1700,,,,1700,0,,,2,720,120,720,0,,,高端,,,10202,1对1课时包
NULL,1248,香港国际教育,30,国外考试部,,2200037560,香港国际教育培训中心,,高中,常规体系,DSE,不区分,英语,,,,,,LP17671661922018,,,,,,,,香港国际教育旺角留学考试中心,香港国际教育旺角留学考试中心,"寒假,春季,暑假,秋季",,,,,2026,202601,2026,20263,202608,,,,1700,,,,1700,0,,,2,720,120,480,240,,,高端,,,10202,1对1课时包
NULL,1248,香港国际教育,30,国外考试部,,2200037560,香港国际教育培训中心,,高中,常规体系,DSE,不区分,英语,,,,,,LP17671739152943,,,,,,,,香港国际教育旺角留学考试中心,香港国际教育旺角留学考试中心,"寒假,春季,暑假,秋季",,,,,2026,202601,2026,20263,202608,,,,3400,,,,3400,0,,,4,720,240,720,0,,,高端,,,10202,1对1课时包
NULL,1248,香港国际教育,30,国外考试部,,2200037560,香港国际教育培训中心,,高中,常规体系,DSE,不区分,英语,,,,,,LP17644178673953,,,,,,,,香港国际教育旺角留学考试中心,香港国际教育旺角留学考试中心,"寒假,春季,暑假,秋季",,,,,2026,202601,2026,20263,202608,,,,1700,,,,1700,0,,,2,720,120,720,0,,,高端,,,10202,1对1课时包
NULL,1248,香港国际教育,30,国外考试部,,2200037560,香港国际教育培训中心,,高中,常规体系,DSE,不区分,英语,,,,,,LP17671739152943,,,,,,,,香港国际教育旺角留学考试中心,香港国际教育旺角留学考试中心,"寒假,春季,暑假,秋季",,,,,2026,202601,2026,20263,202608,,,,1700,,,,1700,0,,,2,720,120,720,0,,,高端,,,10202,1对1课时包
NULL,1248,香港国际教育,30,国外考试部,,2200037560,香港国际教育培训中心,,高中,常规体系,DSE,不区分,英语,,,,,,LP17659667222193,,,,,,,,香港国际教育旺角留学考试中心,香港国际教育旺角留学考试中心,"寒假,春季,暑假,秋季",,,,,2026,202601,2026,20263,202608,,,,9533.33,,,,9533.33,0,,,12,1080,720,1080,0,,,高端,,,10202,1对1课时包
NULL,1248,香港国际教育,30,国外考试部,,2200037560,香港国际教育培训中心,,高中,常规体系,DSE,不区分,英语,,,,,,LP17671739152943,,,,,,,,香港国际教育旺角留学考试中心,香港国际教育旺角留学考试中心,"寒假,春季,暑假,秋季",,,,,2026,202601,2026,20263,202608,,,,3400,,,,3400,0,,,4,720,240,720,0,,,高端,,,10202,1对1课时包
NULL,1248,香港国际教育,30,国外考试部,,2200037560,香港国际教育培训中心,,高中,常规体系,DSE,不区分,英语,,,,,,LP17659667222193,,,,,,,,香港国际教育旺角留学考试中心,香港国际教育旺角留学考试中心,"寒假,春季,暑假,秋季",,,,,2026,202601,2026,20263,202608,,,,1588.89,,,,1588.89,0,,,2,1080,120,1080,0,,,高端,,,10202,1对1课时包
NULL,1248,香港国际教育,30,国外考试部,,2200037560,香港国际教育培训中心,,高中,常规体系,DSE,不区分,英语,,,,,,LP17590565151430,,,,,,,,香港国际教育旺角留学考试中心,香港国际教育旺角留学考试中心,"寒假,春季,暑假,秋季",,,,,2026,202601,2026,20263,202608,,,,0,,,,0,0,,,4,960,240,960,0,,,高端,,,10202,1对1课时包
NULL,1248,香港国际教育,30,国外考试部,,2200037560,香港国际教育培训中心,,高中,常规体系,DSE,不区分,英语,,,,,,LP17668195971296,,,,,,,,香港国际教育旺角留学考试中心,香港国际教育旺角留学考试中心,"寒假,春季,暑假,秋季",,,,,2026,202601,2026,20263,202608,,,,4766.67,,,,4766.67,0,,,6,1080,360,960,120,,,高端,,,10202,1对1课时包
NULL,1248,香港国际教育,30,国外考试部,,2200037560,香港国际教育培训中心,,高中,常规体系,DSE,不区分,英语,,,,,,LP17681137651124,,,,,,,,香港国际教育旺角留学考试中心,香港国际教育旺角留学考试中心,"寒假,春季,暑假,秋季",,,,,2026,202601,2026,20263,202608,,,,5100,,,,5100,0,,,6,480,360,360,120,,,高端,,,10202,1对1课时包
NULL,1248,香港国际教育,30,国外考试部,,2200037560,香港国际教育培训中心,,高中,常规体系,DSE,不区分,英语,,,,,,LP17668195971296,,,,,,,,香港国际教育旺角留学考试中心,香港国际教育旺角留学考试中心,"寒假,春季,暑假,秋季",,,,,2026,202601,2026,20263,202608,,,,3177.78,,,,3177.78,0,,,4,1080,240,960,120,,,高端,,,10202,1对1课时包
NULL,1248,香港国际教育,30,国外考试部,,2200037560,香港国际教育培训中心,,高中,常规体系,DSE,不区分,英语,,,,,,LP17668191491256,,,,,,,,香港国际教育旺角留学考试中心,香港国际教育旺角留学考试中心,"寒假,春季,暑假,秋季",,,,,2026,202601,2026,20263,202608,,,,11900,,,,11900,0,,,14,960,840,840,120,,,高端,,,10202,1对1课时包
NULL,1248,香港国际教育,30,国外考试部,,2200037560,香港国际教育培训中心,,高中,常规体系,DSE,不区分,英语,,,,,,LP17668195971296,,,,,,,,香港国际教育旺角留学考试中心,香港国际教育旺角留学考试中心,"寒假,春季,暑假,秋季",,,,,2026,202601,2026,20263,202608,,,,4766.67,,,,4766.67,0,,,6,1080,360,960,120,,,高端,,,10202,1对1课时包
NULL,1248,香港国际教育,30,国外考试部,,2200037560,香港国际教育培训中心,,高中,常规体系,DSE,不区分,英语,,,,,,LP17681220181975,,,,,,,,香港国际教育旺角留学考试中心,香港国际教育旺角留学考试中心,"寒假,春季,暑假,秋季",,,,,2026,202601,2026,20263,202608,,,,2383.33,,,,2383.33,0,,,3,420,180,420,0,,,高端,,,10202,1对1课时包
NULL,1248,香港国际教育,30,国外考试部,,2200037560,香港国际教育培训中心,,高中,常规体系,DSE,不区分,英语,,,,,,LP17681220181975,,,,,,,,香港国际教育旺角留学考试中心,香港国际教育旺角留学考试中心,"寒假,春季,暑假,秋季",,,,,2026,202601,2026,20263,202608,,,,1588.89,,,,1588.89,0,,,2,420,120,420,0,,,高端,,,10202,1对1课时包
NULL,1248,香港国际教育,30,国外考试部,,2200037560,香港国际教育培训中心,,高中,常规体系,DSE,不区分,英语,,,,,,LP17681220181975,,,,,,,,香港国际教育旺角留学考试中心,香港国际教育旺角留学考试中心,"寒假,春季,暑假,秋季",,,,,2026,202601,2026,20263,202608,,,,1588.89,,,,1588.89,0,,,2,420,120,420,0,,,高端,,,10202,1对1课时包
NULL,1248,香港国际教育,30,国外考试部,,2200037560,香港国际教育培训中心,,高中,常规体系,DSE,不区分,英语,,,,,,LP17691663001930,,,,,,,,香港国际教育旺角留学考试中心,香港国际教育旺角留学考试中心,"寒假,春季,暑假,秋季",,,,,2026,202601,2026,20263,202608,,,,3200,,,,3200,0,,,4,1200,240,240,960,,,高端,,,10202,1对1课时包
NULL,1248,香港国际教育,30,国外考试部,,2200037560,香港国际教育培训中心,,高中,常规体系,DSE,不区分,英语,,,,,,LP17614676841601,,,,,,,,香港国际教育旺角留学考试中心,香港国际教育旺角留学考试中心,"寒假,春季,暑假,秋季",,,,,2026,202601,2026,20263,202608,,,,1588.88,,,,1588.88,0,,,2,1080,120,1080,0,,,高端,,,10202,1对1课时包
NULL,1248,香港国际教育,30,国外考试部,,2200037560,香港国际教育培训中心,,高中,常规体系,DSE,不区分,英语,,,,,,LP17681137141122,,,,,,,,香港国际教育旺角留学考试中心,香港国际教育旺角留学考试中心,"寒假,春季,暑假,秋季",,,,,2026,202601,2026,20263,202608,,,,1700,,,,1700,0,,,2,120,120,120,0,,,高端,,,10202,1对1课时包
NULL,1248,香港国际教育,30,国外考试部,,2200037560,香港国际教育培训中心,,高中,常规体系,DSE,不区分,,,,,,,LP17681220181975,,,,,,,,香港国际教育旺角留学考试中心,香港国际教育旺角留学考试中心,"寒假,春季,暑假,秋季",,,,,2026,202602,2026,20263,202609,,,,0.89,,,,0.89,0,,,0,420,0,420,0,,,高端,,,10202,1对1课时包
NULL,1248,香港国际教育,30,国外考试部,,2200037560,香港国际教育培训中心,,高中,常规体系,DSE,不区分,英语,,,,,,LP1767065236242,,,,,,,,香港国际教育旺角留学考试中心,香港国际教育旺角留学考试中心,"寒假,春季,暑假,秋季",,,,,2026,202602,2026,20263,202609,,,,1700,,,,1700,0,,,2,480,120,480,0,,,高端,,,10202,1对1课时包
NULL,1248,香港国际教育,30,国外考试部,,2200037560,香港国际教育培训中心,,高中,常规体系,DSE,不区分,英语,,,,,,LP17669216343130,,,,,,,,香港国际教育旺角留学考试中心,香港国际教育旺角留学考试中心,"寒假,春季,暑假,秋季",,,,,2026,202602,2026,20263,202609,,,,1700,,,,1700,0,,,2,240,120,240,0,,,高端,,,10202,1对1课时包
NULL,1248,香港国际教育,30,国外考试部,,2200037560,香港国际教育培训中心,,高中,常规体系,DSE,不区分,英语,,,,,,LP176982734589,,,,,,,,香港国际教育旺角留学考试中心,香港国际教育旺角留学考试中心,"寒假,春季,暑假,秋季",,,,,2026,202602,2026,20263,202609,,,,1275,,,,1275,0,,,1.5,480,90,180,300,,,高端,,,10202,1对1课时包
NULL,1248,香港国际教育,30,国外考试部,,2200037560,香港国际教育培训中心,,高中,常规体系,DSE,不区分,英语,,,,,,LP176887658828,,,,,,,,香港国际教育旺角留学考试中心,香港国际教育旺角留学考试中心,"寒假,春季,暑假,秋季",,,,,2026,202602,2026,20263,202609,,,,1700,,,,1700,0,,,2,480,120,480,0,,,高端,,,10202,1对1课时包
NULL,1248,香港国际教育,30,国外考试部,,2200037560,香港国际教育培训中心,,高中,常规体系,DSE,不区分,英语,,,,,,LP176982734589,,,,,,,,香港国际教育旺角留学考试中心,香港国际教育旺角留学考试中心,"寒假,春季,暑假,秋季",,,,,2026,202602,2026,20263,202609,,,,1275,,,,1275,0,,,1.5,480,90,180,300,,,高端,,,10202,1对1课时包
NULL,1248,香港国际教育,30,国外考试部,,2200037560,香港国际教育培训中心,,高中,常规体系,DSE,不区分,英语,,,,,,LP17696787851444,,,,,,,,香港国际教育旺角留学考试中心,香港国际教育旺角留学考试中心,"寒假,春季,暑假,秋季",,,,,2026,202602,2026,20263,202609,,,,1700,,,,1700,0,,,2,240,120,240,0,,,高端,,,10202,1对1课时包
NULL,1248,香港国际教育,30,国外考试部,,2200037560,香港国际教育培训中心,,高中,常规体系,DSE,不区分,英语,,,,,,LP17668195971296,,,,,,,,香港国际教育旺角留学考试中心,香港国际教育旺角留学考试中心,"寒假,春季,暑假,秋季",,,,,2026,202602,2026,20263,202609,,,,1588.88,,,,1588.88,0,,,2,1080,120,1080,0,,,高端,,,10202,1对1课时包
NULL,1248,香港国际教育,30,国外考试部,,2200037560,香港国际教育培训中心,,高中,常规体系,DSE,不区分,英语,,,,,,LP17696787851444,,,,,,,,香港国际教育旺角留学考试中心,香港国际教育旺角留学考试中心,"寒假,春季,暑假,秋季",,,,,2026,202602,2026,20263,202609,,,,1700,,,,1700,0,,,2,240,120,240,0,,,高端,,,10202,1对1课时包
NULL,1248,香港国际教育,30,国外考试部,,2200037560,香港国际教育培训中心,,高中,常规体系,DSE,不区分,英语,,,,,,LP17696795371488,,,,,,,,香港国际教育旺角留学考试中心,香港国际教育旺角留学考试中心,"寒假,春季,暑假,秋季",,,,,2026,202602,2026,20263,202609,,,,1700,,,,1700,0,,,2,240,120,240,0,,,高端,,,10202,1对1课时包
NULL,1248,香港国际教育,30,国外考试部,,2200037560,香港国际教育培训中心,,高中,常规体系,DSE,不区分,英语,,,,,,LP17696795371488,,,,,,,,香港国际教育旺角留学考试中心,香港国际教育旺角留学考试中心,"寒假,春季,暑假,秋季",,,,,2026,202602,2026,20263,202609,,,,1700,,,,1700,0,,,2,240,120,240,0,,,高端,,,10202,1对1课时包
NULL,1248,香港国际教育,30,国外考试部,,2200037560,香港国际教育培训中心,,高中,常规体系,DSE,不区分,英语,,,,,,LP17696788251449,,,,,,,,香港国际教育旺角留学考试中心,香港国际教育旺角留学考试中心,"寒假,春季,暑假,秋季",,,,,2026,202602,2026,20263,202609,,,,3400,,,,3400,0,,,4,360,240,360,0,,,高端,,,10202,1对1课时包
NULL,1248,香港国际教育,30,国外考试部,,2200037560,香港国际教育培训中心,,高中,常规体系,DSE,不区分,英语,,,,,,LP17696788251449,,,,,,,,香港国际教育旺角留学考试中心,香港国际教育旺角留学考试中心,"寒假,春季,暑假,秋季",,,,,2026,202602,2026,20263,202609,,,,1700,,,,1700,0,,,2,360,120,360,0,,,高端,,,10202,1对1课时包
NULL,1248,香港国际教育,30,国外考试部,,2200037560,香港国际教育培训中心,,高中,常规体系,DSE,不区分,英语,,,,,,LP17697690982208,,,,,,,,香港国际教育旺角留学考试中心,香港国际教育旺角留学考试中心,"寒假,春季,暑假,秋季",,,,,2026,202602,2026,20263,202609,,,,1700,,,,1700,0,,,2,240,120,240,0,,,高端,,,10202,1对1课时包
NULL,1248,香港国际教育,30,国外考试部,,2200037560,香港国际教育培训中心,,高中,常规体系,DSE,不区分,英语,,,,,,LP17697690982208,,,,,,,,香港国际教育旺角留学考试中心,香港国际教育旺角留学考试中心,"寒假,春季,暑假,秋季",,,,,2026,202602,2026,20263,202609,,,,1700,,,,1700,0,,,2,240,120,240,0,,,高端,,,10202,1对1课时包
NULL,1248,香港国际教育,30,国外考试部,,2200037560,香港国际教育培训中心,,高中,常规体系,DSE,不区分,英语,,,,,,LP17697723362386,,,,,,,,香港国际教育旺角留学考试中心,香港国际教育旺角留学考试中心,"寒假,春季,暑假,秋季",,,,,2026,202602,2026,20263,202609,,,,3400,,,,3400,0,,,4,360,240,240,120,,,高端,,,10202,1对1课时包
NULL,1248,香港国际教育,30,国外考试部,,2200037560,香港国际教育培训中心,,高中,常规体系,DSE,不区分,英语,,,,,,LP17695914611564,,,,,,,,香港国际教育旺角留学考试中心,香港国际教育旺角留学考试中心,"寒假,春季,暑假,秋季",,,,,2026,202602,2026,20263,202609,,,,1616.67,,,,1616.67,0,,,2,1440,120,360,1080,,,高端,,,10202,1对1课时包
NULL,1248,香港国际教育,30,国外考试部,,2200037560,香港国际教育培训中心,,高中,常规体系,DSE,不区分,英语,,,,,,LP17695914611564,,,,,,,,香港国际教育旺角留学考试中心,香港国际教育旺角留学考试中心,"寒假,春季,暑假,秋季",,,,,2026,202602,2026,20263,202609,,,,3233.34,,,,3233.34,0,,,4,1440,240,360,1080,,,高端,,,10202,1对1课时包
NULL,1248,香港国际教育,30,国外考试部,,2200037560,香港国际教育培训中心,,高中,常规体系,DSE,不区分,英语,,,,,,LP17697717572340,,,,,,,,香港国际教育旺角留学考试中心,香港国际教育旺角留学考试中心,"寒假,春季,暑假,秋季",,,,,2026,202602,2026,20263,202609,,,,1588.89,,,,1588.89,0,,,2,1080,120,360,720,,,高端,,,10202,1对1课时包
NULL,1248,香港国际教育,30,国外考试部,,2200037560,香港国际教育培训中心,,高中,常规体系,DSE,不区分,英语,,,,,,LP17697717572340,,,,,,,,香港国际教育旺角留学考试中心,香港国际教育旺角留学考试中心,"寒假,春季,暑假,秋季",,,,,2026,202602,2026,20263,202609,,,,1588.89,,,,1588.89,0,,,2,1080,120,360,720,,,高端,,,10202,1对1课时包
NULL,1248,香港国际教育,30,国外考试部,,2200037560,香港国际教育培训中心,,高中,常规体系,DSE,不区分,英语,,,,,,LP17697717572340,,,,,,,,香港国际教育旺角留学考试中心,香港国际教育旺角留学考试中心,"寒假,春季,暑假,秋季",,,,,2026,202602,2026,20263,202609,,,,1588.89,,,,1588.89,0,,,2,1080,120,360,720,,,高端,,,10202,1对1课时包
NULL,1248,香港国际教育,30,国外考试部,,2200037560,香港国际教育培训中心,,高中,常规体系,DSE,不区分,英语,,,,,,LP17681137651124,,,,,,,,香港国际教育旺角留学考试中心,香港国际教育旺角留学考试中心,"寒假,春季,暑假,秋季",,,,,2026,202602,2026,20263,202609,,,,1700,,,,1700,0,,,2,480,120,480,0,,,高端,,,10202,1对1课时包
NULL,1248,香港国际教育,30,国外考试部,,2200037560,香港国际教育培训中心,,高中,常规体系,DSE,不区分,英语,,,,,,LP17698259943257,,,,,,,,香港国际教育旺角留学考试中心,香港国际教育旺角留学考试中心,"寒假,春季,暑假,秋季",,,,,2026,202602,2026,20263,202609,,,,3400,,,,3400,0,,,4,360,240,240,120,,,高端,,,10202,1对1课时包
NULL,1248,香港国际教育,30,国外考试部,,2200037560,香港国际教育培训中心,,高中,常规体系,DSE,不区分,英语,,,,,,LP17698258973215,,,,,,,,香港国际教育旺角留学考试中心,香港国际教育旺角留学考试中心,"寒假,春季,暑假,秋季",,,,,2026,202602,2026,20263,202609,,,,3400,,,,3400,0,,,4,360,240,360,0,,,高端,,,10202,1对1课时包
NULL,1248,香港国际教育,30,国外考试部,,2200037560,香港国际教育培训中心,,高中,常规体系,DSE,不区分,英语,,,,,,LP17698258973215,,,,,,,,香港国际教育旺角留学考试中心,香港国际教育旺角留学考试中心,"寒假,春季,暑假,秋季",,,,,2026,202602,2026,20263,202609,,,,1700,,,,1700,0,,,2,360,120,360,0,,,高端,,,10202,1对1课时包
NULL,1248,香港国际教育,30,国外考试部,,2200037560,香港国际教育培训中心,,高中,常规体系,DSE,不区分,英语,,,,,,LP17668191491256,,,,,,,,香港国际教育旺角留学考试中心,香港国际教育旺角留学考试中心,"寒假,春季,暑假,秋季",,,,,2026,202602,2026,20263,202609,,,,1700,,,,1700,0,,,2,960,120,960,0,,,高端,,,10202,1对1课时包
NULL,1248,香港国际教育,30,国外考试部,,2200037560,香港国际教育培训中心,,高中,常规体系,DSE,不区分,英语,,,,,,LP1769831624603,,,,,,,,香港国际教育旺角留学考试中心,香港国际教育旺角留学考试中心,"寒假,春季,暑假,秋季",,,,,2026,202602,2026,20263,202609,,,,3288.89,,,,3288.89,0,,,4,2160,240,2160,0,,,高端,,,10202,1对1课时包
NULL,1248,香港国际教育,30,国外考试部,,2200037560,香港国际教育培训中心,,高中,常规体系,DSE,不区分,英语,,,,,,LP1769831624603,,,,,,,,香港国际教育旺角留学考试中心,香港国际教育旺角留学考试中心,"寒假,春季,暑假,秋季",,,,,2026,202602,2026,20263,202609,,,,3288.89,,,,3288.89,0,,,4,2160,240,2160,0,,,高端,,,10202,1对1课时包
NULL,1248,香港国际教育,30,国外考试部,,2200037560,香港国际教育培训中心,,高中,常规体系,DSE,不区分,英语,,,,,,LP1769831624603,,,,,,,,香港国际教育旺角留学考试中心,香港国际教育旺角留学考试中心,"寒假,春季,暑假,秋季",,,,,2026,202602,2026,20263,202609,,,,6577.78,,,,6577.78,0,,,8,2160,480,2160,0,,,高端,,,10202,1对1课时包
NULL,1248,香港国际教育,30,国外考试部,,2200037560,香港国际教育培训中心,,高中,常规体系,DSE,不区分,英语,,,,,,LP1769831624603,,,,,,,,香港国际教育旺角留学考试中心,香港国际教育旺角留学考试中心,"寒假,春季,暑假,秋季",,,,,2026,202602,2026,20263,202609,,,,3288.89,,,,3288.89,0,,,4,2160,240,2160,0,,,高端,,,10202,1对1课时包
NULL,1248,香港国际教育,30,国外考试部,,2200037560,香港国际教育培训中心,,高中,常规体系,DSE,不区分,英语,,,,,,LP1769831624603,,,,,,,,香港国际教育旺角留学考试中心,香港国际教育旺角留学考试中心,"寒假,春季,暑假,秋季",,,,,2026,202602,2026,20263,202609,,,,3288.88,,,,3288.88,0,,,4,2160,240,2160,0,,,高端,,,10202,1对1课时包
NULL,1248,香港国际教育,30,国外考试部,,2200037560,香港国际教育培训中心,,高中,常规体系,DSE,不区分,英语,,,,,,LP1769831624603,,,,,,,,香港国际教育旺角留学考试中心,香港国际教育旺角留学考试中心,"寒假,春季,暑假,秋季",,,,,2026,202602,2026,20263,202609,,,,3288.89,,,,3288.89,0,,,4,2160,240,2160,0,,,高端,,,10202,1对1课时包
NULL,1248,香港国际教育,30,国外考试部,,2200037560,香港国际教育培训中心,,高中,常规体系,DSE,不区分,英语,,,,,,LP1769831624603,,,,,,,,香港国际教育旺角留学考试中心,香港国际教育旺角留学考试中心,"寒假,春季,暑假,秋季",,,,,2026,202602,2026,20263,202609,,,,3288.88,,,,3288.88,0,,,4,2160,240,2160,0,,,高端,,,10202,1对1课时包
NULL,1248,香港国际教育,30,国外考试部,,2200037560,香港国际教育培训中心,,高中,常规体系,DSE,不区分,英语,,,,,,LP1769831624603,,,,,,,,香港国际教育旺角留学考试中心,香港国际教育旺角留学考试中心,"寒假,春季,暑假,秋季",,,,,2026,202602,2026,20263,202609,,,,3288.9,,,,3288.9,0,,,4,2160,240,2160,0,,,高端,,,10202,1对1课时包
NULL,1248,香港国际教育,30,国外考试部,,2200037560,香港国际教育培训中心,,高中,常规体系,DSE,不区分,英语,,,,,,LP177043178564,,,,,,,,香港国际教育旺角留学考试中心,香港国际教育旺角留学考试中心,"寒假,春季,暑假,秋季",,,,,2026,202602,2026,20263,202609,,,,3400,,,,3400,0,,,4,840,240,600,240,,,高端,,,10202,1对1课时包
NULL,1248,香港国际教育,30,国外考试部,,2200037560,香港国际教育培训中心,,高中,常规体系,DSE,不区分,英语,,,,,,LP177043178564,,,,,,,,香港国际教育旺角留学考试中心,香港国际教育旺角留学考试中心,"寒假,春季,暑假,秋季",,,,,2026,202602,2026,20263,202609,,,,5100,,,,5100,0,,,6,840,360,600,240,,,高端,,,10202,1对1课时包
NULL,1248,香港国际教育,30,国外考试部,,2200037560,香港国际教育培训中心,,高中,常规体系,DSE,不区分,英语,,,,,,LP17691663001930,,,,,,,,香港国际教育旺角留学考试中心,香港国际教育旺角留学考试中心,"寒假,春季,暑假,秋季",,,,,2026,202602,2026,20263,202609,,,,2800,,,,2800,0,,,3.5,1200,210,1140,60,,,高端,,,10202,1对1课时包
NULL,1248,香港国际教育,30,国外考试部,,2200037560,香港国际教育培训中心,,高中,常规体系,DSE,不区分,英语,,,,,,LP17691663001930,,,,,,,,香港国际教育旺角留学考试中心,香港国际教育旺角留学考试中心,"寒假,春季,暑假,秋季",,,,,2026,202602,2026,20263,202609,,,,1600,,,,1600,0,,,2,1200,120,1140,60,,,高端,,,10202,1对1课时包
NULL,1248,香港国际教育,30,国外考试部,,2200037560,香港国际教育培训中心,,高中,常规体系,DSE,不区分,英语,,,,,,LP17691663001930,,,,,,,,香港国际教育旺角留学考试中心,香港国际教育旺角留学考试中心,"寒假,春季,暑假,秋季",,,,,2026,202602,2026,20263,202609,,,,6400,,,,6400,0,,,8,1200,480,1140,60,,,高端,,,10202,1对1课时包
NULL,1248,香港国际教育,30,国外考试部,,2200037560,香港国际教育培训中心,,高中,常规体系,DSE,不区分,英语,,,,,,LP17691663001930,,,,,,,,香港国际教育旺角留学考试中心,香港国际教育旺角留学考试中心,"寒假,春季,暑假,秋季",,,,,2026,202602,2026,20263,202609,,,,1200,,,,1200,0,,,1.5,1200,90,1140,60,,,高端,,,10202,1对1课时包
NULL,1248,香港国际教育,30,国外考试部,,2200037560,香港国际教育培训中心,,高中,常规体系,IELTS,不区分,写作,,,,,,LP17669217753143,,,,,,,,香港国际教育旺角留学考试中心,香港国际教育旺角留学考试中心,"寒假,春季,暑假,秋季",,,,,2026,202601,2026,20263,202608,,,,850,,,,850,0,,,1,420,60,420,0,,,高端,,,10202,1对1课时包
NULL,1248,香港国际教育,30,国外考试部,,2200037560,香港国际教育培训中心,,高中,常规体系,IELTS,不区分,写作,,,,,,LP17669217753143,,,,,,,,香港国际教育旺角留学考试中心,香港国际教育旺角留学考试中心,"寒假,春季,暑假,秋季",,,,,2026,202601,2026,20263,202608,,,,850,,,,850,0,,,1,420,60,420,0,,,高端,,,10202,1对1课时包
NULL,1248,香港国际教育,30,国外考试部,,2200037560,香港国际教育培训中心,,高中,常规体系,IELTS,不区分,写作,,,,,,LP17669127652307,,,,,,,,香港国际教育旺角留学考试中心,香港国际教育旺角留学考试中心,"寒假,春季,暑假,秋季",,,,,2026,202601,2026,20263,202608,,,,1656.52,,,,1656.52,0,,,2,2760,120,2760,0,,,高端,,,10202,1对1课时包
NULL,1248,香港国际教育,30,国外考试部,,2200037560,香港国际教育培训中心,,高中,常规体系,IELTS,不区分,写作,,,,,,LP17669127652307,,,,,,,,香港国际教育旺角留学考试中心,香港国际教育旺角留学考试中心,"寒假,春季,暑假,秋季",,,,,2026,202601,2026,20263,202608,,,,1656.52,,,,1656.52,0,,,2,2760,120,2760,0,,,高端,,,10202,1对1课时包
NULL,1248,香港国际教育,30,国外考试部,,2200037560,香港国际教育培训中心,,高中,常规体系,IELTS,不区分,写作,,,,,,LP17669127652307,,,,,,,,香港国际教育旺角留学考试中心,香港国际教育旺角留学考试中心,"寒假,春季,暑假,秋季",,,,,2026,202601,2026,20263,202608,,,,3313.04,,,,3313.04,0,,,4,2760,240,2760,0,,,高端,,,10202,1对1课时包
NULL,1248,香港国际教育,30,国外考试部,,2200037560,香港国际教育培训中心,,高中,常规体系,IELTS,不区分,口语,,,,,,LP17669217753143,,,,,,,,香港国际教育旺角留学考试中心,香港国际教育旺角留学考试中心,"寒假,春季,暑假,秋季",,,,,2026,202601,2026,20263,202608,,,,850,,,,850,0,,,1,420,60,420,0,,,高端,,,10202,1对1课时包
NULL,1248,香港国际教育,30,国外考试部,,2200037560,香港国际教育培训中心,,高中,常规体系,IELTS,不区分,口语,,,,,,LP17669127652307,,,,,,,,香港国际教育旺角留学考试中心,香港国际教育旺角留学考试中心,"寒假,春季,暑假,秋季",,,,,2026,202601,2026,20263,202608,,,,3313.05,,,,3313.05,0,,,4,2760,240,2760,0,,,高端,,,10202,1对1课时包
NULL,1248,香港国际教育,30,国外考试部,,2200037560,香港国际教育培训中心,,高中,常规体系,IELTS,不区分,口语,,,,,,LP17669127652307,,,,,,,,香港国际教育旺角留学考试中心,香港国际教育旺角留学考试中心,"寒假,春季,暑假,秋季",,,,,2026,202601,2026,20263,202608,,,,4969.57,,,,4969.57,0,,,6,2760,360,2760,0,,,高端,,,10202,1对1课时包
NULL,1248,香港国际教育,30,国外考试部,,2200037560,香港国际教育培训中心,,高中,常规体系,IELTS,不区分,口语,,,,,,LP17669127652307,,,,,,,,香港国际教育旺角留学考试中心,香港国际教育旺角留学考试中心,"寒假,春季,暑假,秋季",,,,,2026,202601,2026,20263,202608,,,,1656.52,,,,1656.52,0,,,2,2760,120,2760,0,,,高端,,,10202,1对1课时包
NULL,1248,香港国际教育,30,国外考试部,,2200037560,香港国际教育培训中心,,高中,常规体系,IELTS,不区分,听力,,,,,,LP17669217753143,,,,,,,,香港国际教育旺角留学考试中心,香港国际教育旺角留学考试中心,"寒假,春季,暑假,秋季",,,,,2026,202601,2026,20263,202608,,,,1700,,,,1700,0,,,2,420,120,420,0,,,高端,,,10202,1对1课时包
NULL,1248,香港国际教育,30,国外考试部,,2200037560,香港国际教育培训中心,,高中,常规体系,IELTS,不区分,听力,,,,,,LP1769750772703,,,,,,,,香港国际教育旺角留学考试中心,香港国际教育旺角留学考试中心,"寒假,春季,暑假,秋季",,,,,2026,202601,2026,20263,202608,,,,1700,,,,1700,0,,,2,120,120,120,0,,,高端,,,10202,1对1课时包
NULL,1248,香港国际教育,30,国外考试部,,2200037560,香港国际教育培训中心,,高中,常规体系,IELTS,不区分,听力,,,,,,LP17669127652307,,,,,,,,香港国际教育旺角留学考试中心,香港国际教育旺角留学考试中心,"寒假,春季,暑假,秋季",,,,,2026,202601,2026,20263,202608,,,,3313.05,,,,3313.05,0,,,4,2760,240,2760,0,,,高端,,,10202,1对1课时包
NULL,1248,香港国际教育,30,国外考试部,,2200037560,香港国际教育培训中心,,高中,常规体系,IELTS,不区分,听力,,,,,,LP17669127652307,,,,,,,,香港国际教育旺角留学考试中心,香港国际教育旺角留学考试中心,"寒假,春季,暑假,秋季",,,,,2026,202601,2026,20263,202608,,,,3313.05,,,,3313.05,0,,,4,2760,240,2760,0,,,高端,,,10202,1对1课时包
NULL,1248,香港国际教育,30,国外考试部,,2200037560,香港国际教育培训中心,,高中,常规体系,IELTS,不区分,听力,,,,,,LP17669127652307,,,,,,,,香港国际教育旺角留学考试中心,香港国际教育旺角留学考试中心,"寒假,春季,暑假,秋季",,,,,2026,202601,2026,20263,202608,,,,1656.52,,,,1656.52,0,,,2,2760,120,2760,0,,,高端,,,10202,1对1课时包
NULL,1248,香港国际教育,30,国外考试部,,2200037560,香港国际教育培训中心,,高中,常规体系,IELTS,不区分,阅读,,,,,,LP17669217753143,,,,,,,,香港国际教育旺角留学考试中心,香港国际教育旺角留学考试中心,"寒假,春季,暑假,秋季",,,,,2026,202601,2026,20263,202608,,,,1700,,,,1700,0,,,2,420,120,420,0,,,高端,,,10202,1对1课时包
NULL,1248,香港国际教育,30,国外考试部,,2200037560,香港国际教育培训中心,,高中,常规体系,IELTS,不区分,阅读,,,,,,LP17669127652307,,,,,,,,香港国际教育旺角留学考试中心,香港国际教育旺角留学考试中心,"寒假,春季,暑假,秋季",,,,,2026,202601,2026,20263,202608,,,,4969.56,,,,4969.56,0,,,6,2760,360,2760,0,,,高端,,,10202,1对1课时包
NULL,1248,香港国际教育,30,国外考试部,,2200037560,香港国际教育培训中心,,高中,常规体系,IELTS,不区分,阅读,,,,,,LP17669127652307,,,,,,,,香港国际教育旺角留学考试中心,香港国际教育旺角留学考试中心,"寒假,春季,暑假,秋季",,,,,2026,202601,2026,20263,202608,,,,3313.04,,,,3313.04,0,,,4,2760,240,2760,0,,,高端,,,10202,1对1课时包
NULL,1248,香港国际教育,30,国外考试部,,2200037560,香港国际教育培训中心,,高中,常规体系,IELTS,不区分,阅读,,,,,,LP17669127652307,,,,,,,,香港国际教育旺角留学考试中心,香港国际教育旺角留学考试中心,"寒假,春季,暑假,秋季",,,,,2026,202601,2026,20263,202608,,,,1656.52,,,,1656.52,0,,,2,2760,120,2760,0,,,高端,,,10202,1对1课时包
NULL,1248,香港国际教育,30,国外考试部,,2200037560,香港国际教育培训中心,,高中,常规体系,IELTS,不区分,写作,,,,,,LP17697602691464,,,,,,,,香港国际教育旺角留学考试中心,香港国际教育旺角留学考试中心,"寒假,春季,暑假,秋季",,,,,2026,202602,2026,20263,202609,,,,800,,,,800,0,,,1,1200,60,420,780,,,高端,,,10202,1对1课时包
NULL,1248,香港国际教育,30,国外考试部,,2200037560,香港国际教育培训中心,,高中,常规体系,IELTS,不区分,写作,,,,,,LP17697602691464,,,,,,,,香港国际教育旺角留学考试中心,香港国际教育旺角留学考试中心,"寒假,春季,暑假,秋季",,,,,2026,202602,2026,20263,202609,,,,800,,,,800,0,,,1,1200,60,420,780,,,高端,,,10202,1对1课时包
NULL,1248,香港国际教育,30,国外考试部,,2200037560,香港国际教育培训中心,,高中,常规体系,IELTS,不区分,口语,,,,,,LP17644061932678,,,,,,,,香港国际教育旺角留学考试中心,香港国际教育旺角留学考试中心,"寒假,春季,暑假,秋季",,,,,2026,202602,2026,20263,202609,,,,1700,,,,1700,0,,,2,480,120,360,120,,,高端,,,10202,1对1课时包
NULL,1248,香港国际教育,30,国外考试部,,2200037560,香港国际教育培训中心,,高中,常规体系,IELTS,不区分,口语,,,,,,LP17697602691464,,,,,,,,香港国际教育旺角留学考试中心,香港国际教育旺角留学考试中心,"寒假,春季,暑假,秋季",,,,,2026,202602,2026,20263,202609,,,,800,,,,800,0,,,1,1200,60,420,780,,,高端,,,10202,1对1课时包
NULL,1248,香港国际教育,30,国外考试部,,2200037560,香港国际教育培训中心,,高中,常规体系,IELTS,不区分,听力,,,,,,LP17644061932678,,,,,,,,香港国际教育旺角留学考试中心,香港国际教育旺角留学考试中心,"寒假,春季,暑假,秋季",,,,,2026,202602,2026,20263,202609,,,,1700,,,,1700,0,,,2,480,120,360,120,,,高端,,,10202,1对1课时包
NULL,1248,香港国际教育,30,国外考试部,,2200037560,香港国际教育培训中心,,高中,常规体系,IELTS,不区分,听力,,,,,,LP17697602691464,,,,,,,,香港国际教育旺角留学考试中心,香港国际教育旺角留学考试中心,"寒假,春季,暑假,秋季",,,,,2026,202602,2026,20263,202609,,,,800,,,,800,0,,,1,1200,60,420,780,,,高端,,,10202,1对1课时包
NULL,1248,香港国际教育,30,国外考试部,,2200037560,香港国际教育培训中心,,高中,常规体系,IELTS,不区分,阅读,,,,,,LP17697602691464,,,,,,,,香港国际教育旺角留学考试中心,香港国际教育旺角留学考试中心,"寒假,春季,暑假,秋季",,,,,2026,202602,2026,20263,202609,,,,800,,,,800,0,,,1,1200,60,420,780,,,高端,,,10202,1对1课时包
NULL,1248,香港国际教育,30,国外考试部,,2200037560,香港国际教育培训中心,,高中,常规体系,IELTS,不区分,阅读,,,,,,LP17697602691464,,,,,,,,香港国际教育旺角留学考试中心,香港国际教育旺角留学考试中心,"寒假,春季,暑假,秋季",,,,,2026,202602,2026,20263,202609,,,,800,,,,800,0,,,1,1200,60,420,780,,,高端,,,10202,1对1课时包
NULL,1248,香港国际教育,30,国外考试部,,2200037560,香港国际教育培训中心,,高中,常规体系,IELTS,不区分,阅读,,,,,,LP17697602691464,,,,,,,,香港国际教育旺角留学考试中心,香港国际教育旺角留学考试中心,"寒假,春季,暑假,秋季",,,,,2026,202602,2026,20263,202609,,,,800,,,,800,0,,,1,1200,60,420,780,,,高端,,,10202,1对1课时包
NULL,1248,香港国际教育,30,国外考试部,,2200037560,香港国际教育培训中心,,高中,常规体系,DSE,不区分,英语,,,,,,LP17645720035100,,,,,,,,香港国际教育旺角留学考试中心,香港国际教育旺角留学考试中心,"寒假,春季,暑假,秋季",,,,,2026,202603,2026,20264,202610,,,,3400,,,,3400,0,,,4,1440,240,1440,0,,,高端,,,10202,1对1课时包
NULL,1248,香港国际教育,30,国外考试部,,2200037560,香港国际教育培训中心,,高中,常规体系,DSE,不区分,英语,,,,,,LP1769828645259,,,,,,,,香港国际教育旺角留学考试中心,香港国际教育旺角留学考试中心,"寒假,春季,暑假,秋季",,,,,2026,202603,2026,20264,202610,,,,1700,,,,1700,0,,,2,600,120,600,0,,,高端,,,10202,1对1课时包
NULL,1248,香港国际教育,30,国外考试部,,2200037560,香港国际教育培训中心,,高中,常规体系,DSE,不区分,英语,,,,,,LP1773045285811,,,,,,,,香港国际教育旺角留学考试中心,香港国际教育旺角留学考试中心,"寒假,春季,暑假,秋季",,,,,2026,202603,2026,20264,202610,,,,3400,,,,3400,0,,,4,840,240,480,360,,,高端,,,10202,1对1课时包
NULL,1248,香港国际教育,30,国外考试部,,2200037560,香港国际教育培训中心,,高中,常规体系,DSE,不区分,英语,,,,,,LP1769828645259,,,,,,,,香港国际教育旺角留学考试中心,香港国际教育旺角留学考试中心,"寒假,春季,暑假,秋季",,,,,2026,202603,2026,20264,202610,,,,1700,,,,1700,0,,,2,600,120,600,0,,,高端,,,10202,1对1课时包
NULL,1248,香港国际教育,30,国外考试部,,2200037560,香港国际教育培训中心,,高中,常规体系,DSE,不区分,英语,,,,,,LP1773045285811,,,,,,,,香港国际教育旺角留学考试中心,香港国际教育旺角留学考试中心,"寒假,春季,暑假,秋季",,,,,2026,202603,2026,20264,202610,,,,3400,,,,3400,0,,,4,840,240,480,360,,,高端,,,10202,1对1课时包
NULL,1248,香港国际教育,30,国外考试部,,2200037560,香港国际教育培训中心,,高中,常规体系,DSE,不区分,英语,,,,,,LP1769828645259,,,,,,,,香港国际教育旺角留学考试中心,香港国际教育旺角留学考试中心,"寒假,春季,暑假,秋季",,,,,2026,202603,2026,20264,202610,,,,1700,,,,1700,0,,,2,600,120,600,0,,,高端,,,10202,1对1课时包
NULL,1248,香港国际教育,30,国外考试部,,2200037560,香港国际教育培训中心,,高中,常规体系,DSE,不区分,英语,,,,,,LP17671661922018,,,,,,,,香港国际教育旺角留学考试中心,香港国际教育旺角留学考试中心,"寒假,春季,暑假,秋季",,,,,2026,202603,2026,20264,202610,,,,1700,,,,1700,0,,,2,720,120,720,0,,,高端,,,10202,1对1课时包
NULL,1248,香港国际教育,30,国外考试部,,2200037560,香港国际教育培训中心,,高中,常规体系,DSE,不区分,英语,,,,,,LP1769828645259,,,,,,,,香港国际教育旺角留学考试中心,香港国际教育旺角留学考试中心,"寒假,春季,暑假,秋季",,,,,2026,202603,2026,20264,202610,,,,1700,,,,1700,0,,,2,600,120,600,0,,,高端,,,10202,1对1课时包
NULL,1248,香港国际教育,30,国外考试部,,2200037560,香港国际教育培训中心,,高中,常规体系,DSE,不区分,英语,,,,,,LP17671661922018,,,,,,,,香港国际教育旺角留学考试中心,香港国际教育旺角留学考试中心,"寒假,春季,暑假,秋季",,,,,2026,202603,2026,20264,202610,,,,1700,,,,1700,0,,,2,720,120,720,0,,,高端,,,10202,1对1课时包
NULL,1248,香港国际教育,30,国外考试部,,2200037560,香港国际教育培训中心,,高中,常规体系,DSE,不区分,英语,,,,,,LP1769828645259,,,,,,,,香港国际教育旺角留学考试中心,香港国际教育旺角留学考试中心,"寒假,春季,暑假,秋季",,,,,2026,202603,2026,20264,202610,,,,1700,,,,1700,0,,,2,600,120,600,0,,,高端,,,10202,1对1课时包
NULL,1248,香港国际教育,30,国外考试部,,2200037560,香港国际教育培训中心,,高中,常规体系,DSE,不区分,英语,,,,,,LP176982734589,,,,,,,,香港国际教育旺角留学考试中心,香港国际教育旺角留学考试中心,"寒假,春季,暑假,秋季",,,,,2026,202603,2026,20264,202610,,,,2550,,,,2550,0,,,3,480,180,360,120,,,高端,,,10202,1对1课时包
NULL,1248,香港国际教育,30,国外考试部,,2200037560,香港国际教育培训中心,,高中,常规体系,DSE,不区分,英语,,,,,,LP17697724592389,,,,,,,,香港国际教育旺角留学考试中心,香港国际教育旺角留学考试中心,"寒假,春季,暑假,秋季",,,,,2026,202603,2026,20264,202610,,,,1700,,,,1700,0,,,2,120,120,120,0,,,高端,,,10202,1对1课时包
NULL,1248,香港国际教育,30,国外考试部,,2200037560,香港国际教育培训中心,,高中,常规体系,DSE,不区分,英语,,,,,,LP17727870441376,,,,,,,,香港国际教育旺角留学考试中心,香港国际教育旺角留学考试中心,"寒假,春季,暑假,秋季",,,,,2026,202603,2026,20264,202610,,,,1700,,,,1700,0,,,2,480,120,240,240,,,高端,,,10202,1对1课时包
NULL,1248,香港国际教育,30,国外考试部,,2200037560,香港国际教育培训中心,,高中,常规体系,DSE,不区分,英语,,,,,,LP17704586092488,,,,,,,,香港国际教育旺角留学考试中心,香港国际教育旺角留学考试中心,"寒假,春季,暑假,秋季",,,,,2026,202603,2026,20264,202610,,,,8000,,,,8000,0,,,10,1200,600,1080,120,,,高端,,,10202,1对1课时包
NULL,1248,香港国际教育,30,国外考试部,,2200037560,香港国际教育培训中心,,高中,常规体系,DSE,不区分,英语,,,,,,LP17727870441376,,,,,,,,香港国际教育旺角留学考试中心,香港国际教育旺角留学考试中心,"寒假,春季,暑假,秋季",,,,,2026,202603,2026,20264,202610,,,,1700,,,,1700,0,,,2,480,120,240,240,,,高端,,,10202,1对1课时包
NULL,1248,香港国际教育,30,国外考试部,,2200037560,香港国际教育培训中心,,高中,常规体系,DSE,不区分,英语,,,,,,LP17704586092488,,,,,,,,香港国际教育旺角留学考试中心,香港国际教育旺角留学考试中心,"寒假,春季,暑假,秋季",,,,,2026,202603,2026,20264,202610,,,,6400,,,,6400,0,,,8,1200,480,1080,120,,,高端,,,10202,1对1课时包
NULL,1248,香港国际教育,30,国外考试部,,2200037560,香港国际教育培训中心,,高中,常规体系,DSE,不区分,英语,,,,,,LP1770608845592,,,,,,,,香港国际教育旺角留学考试中心,香港国际教育旺角留学考试中心,"寒假,春季,暑假,秋季",,,,,2026,202603,2026,20264,202610,,,,1700,,,,1700,0,,,2,840,120,840,0,,,高端,,,10202,1对1课时包
NULL,1248,香港国际教育,30,国外考试部,,2200037560,香港国际教育培训中心,,高中,常规体系,DSE,不区分,英语,,,,,,LP17697723362386,,,,,,,,香港国际教育旺角留学考试中心,香港国际教育旺角留学考试中心,"寒假,春季,暑假,秋季",,,,,2026,202603,2026,20264,202610,,,,1700,,,,1700,0,,,2,360,120,360,0,,,高端,,,10202,1对1课时包
NULL,1248,香港国际教育,30,国外考试部,,2200037560,香港国际教育培训中心,,高中,常规体系,DSE,不区分,英语,,,,,,LP1770608845592,,,,,,,,香港国际教育旺角留学考试中心,香港国际教育旺角留学考试中心,"寒假,春季,暑假,秋季",,,,,2026,202603,2026,20264,202610,,,,5100,,,,5100,0,,,6,840,360,840,0,,,高端,,,10202,1对1课时包
NULL,1248,香港国际教育,30,国外考试部,,2200037560,香港国际教育培训中心,,高中,常规体系,DSE,不区分,英语,,,,,,LP17695914611564,,,,,,,,香港国际教育旺角留学考试中心,香港国际教育旺角留学考试中心,"寒假,春季,暑假,秋季",,,,,2026,202603,2026,20264,202610,,,,1616.67,,,,1616.67,0,,,2,1440,120,1440,0,,,高端,,,10202,1对1课时包
NULL,1248,香港国际教育,30,国外考试部,,2200037560,香港国际教育培训中心,,高中,常规体系,DSE,不区分,英语,,,,,,LP1770608845592,,,,,,,,香港国际教育旺角留学考试中心,香港国际教育旺角留学考试中心,"寒假,春季,暑假,秋季",,,,,2026,202603,2026,20264,202610,,,,5100,,,,5100,0,,,6,840,360,840,0,,,高端,,,10202,1对1课时包
NULL,1248,香港国际教育,30,国外考试部,,2200037560,香港国际教育培训中心,,高中,常规体系,DSE,不区分,英语,,,,,,LP17695914611564,,,,,,,,香港国际教育旺角留学考试中心,香港国际教育旺角留学考试中心,"寒假,春季,暑假,秋季",,,,,2026,202603,2026,20264,202610,,,,3233.34,,,,3233.34,0,,,4,1440,240,1440,0,,,高端,,,10202,1对1课时包
NULL,1248,香港国际教育,30,国外考试部,,2200037560,香港国际教育培训中心,,高中,常规体系,DSE,不区分,英语,,,,,,LP17695914611564,,,,,,,,香港国际教育旺角留学考试中心,香港国际教育旺角留学考试中心,"寒假,春季,暑假,秋季",,,,,2026,202603,2026,20264,202610,,,,1616.67,,,,1616.67,0,,,2,1440,120,1440,0,,,高端,,,10202,1对1课时包
NULL,1248,香港国际教育,30,国外考试部,,2200037560,香港国际教育培训中心,,高中,常规体系,DSE,不区分,英语,,,,,,LP17695914611564,,,,,,,,香港国际教育旺角留学考试中心,香港国际教育旺角留学考试中心,"寒假,春季,暑假,秋季",,,,,2026,202603,2026,20264,202610,,,,8083.31,,,,8083.31,0,,,10,1440,600,1440,0,,,高端,,,10202,1对1课时包
NULL,1248,香港国际教育,30,国外考试部,,2200037560,香港国际教育培训中心,,高中,常规体系,DSE,不区分,英语,,,,,,LP17697717572340,,,,,,,,香港国际教育旺角留学考试中心,香港国际教育旺角留学考试中心,"寒假,春季,暑假,秋季",,,,,2026,202603,2026,20264,202610,,,,1588.89,,,,1588.89,0,,,2,1080,120,720,360,,,高端,,,10202,1对1课时包
NULL,1248,香港国际教育,30,国外考试部,,2200037560,香港国际教育培训中心,,高中,常规体系,DSE,不区分,英语,,,,,,LP17697717572340,,,,,,,,香港国际教育旺角留学考试中心,香港国际教育旺角留学考试中心,"寒假,春季,暑假,秋季",,,,,2026,202603,2026,20264,202610,,,,1588.89,,,,1588.89,0,,,2,1080,120,720,360,,,高端,,,10202,1对1课时包
NULL,1248,香港国际教育,30,国外考试部,,2200037560,香港国际教育培训中心,,高中,常规体系,DSE,不区分,英语,,,,,,LP17697717572340,,,,,,,,香港国际教育旺角留学考试中心,香港国际教育旺角留学考试中心,"寒假,春季,暑假,秋季",,,,,2026,202603,2026,20264,202610,,,,1588.89,,,,1588.89,0,,,2,1080,120,720,360,,,高端,,,10202,1对1课时包
NULL,1248,香港国际教育,30,国外考试部,,2200037560,香港国际教育培训中心,,高中,常规体系,DSE,不区分,英语,,,,,,LP17702503162964,,,,,,,,香港国际教育旺角留学考试中心,香港国际教育旺角留学考试中心,"寒假,春季,暑假,秋季",,,,,2026,202603,2026,20264,202610,,,,3400,,,,3400,0,,,4,600,240,480,120,,,高端,,,10202,1对1课时包
NULL,1248,香港国际教育,30,国外考试部,,2200037560,香港国际教育培训中心,,高中,常规体系,DSE,不区分,英语,,,,,,LP17702503162964,,,,,,,,香港国际教育旺角留学考试中心,香港国际教育旺角留学考试中心,"寒假,春季,暑假,秋季",,,,,2026,202603,2026,20264,202610,,,,3400,,,,3400,0,,,4,600,240,480,120,,,高端,,,10202,1对1课时包
NULL,1248,香港国际教育,30,国外考试部,,2200037560,香港国际教育培训中心,,高中,常规体系,DSE,不区分,英语,,,,,,LP177043178564,,,,,,,,香港国际教育旺角留学考试中心,香港国际教育旺角留学考试中心,"寒假,春季,暑假,秋季",,,,,2026,202603,2026,20264,202610,,,,1700,,,,1700,0,,,2,840,120,840,0,,,高端,,,10202,1对1课时包
NULL,1248,香港国际教育,30,国外考试部,,2200037560,香港国际教育培训中心,,高中,常规体系,DSE,不区分,英语,,,,,,LP177043178564,,,,,,,,香港国际教育旺角留学考试中心,香港国际教育旺角留学考试中心,"寒假,春季,暑假,秋季",,,,,2026,202603,2026,20264,202610,,,,1700,,,,1700,0,,,2,840,120,840,0,,,高端,,,10202,1对1课时包
NULL,1248,香港国际教育,30,国外考试部,,2200037560,香港国际教育培训中心,,高中,常规体系,DSE,不区分,英语,,,,,,LP17691663001930,,,,,,,,香港国际教育旺角留学考试中心,香港国际教育旺角留学考试中心,"寒假,春季,暑假,秋季",,,,,2026,202603,2026,20264,202610,,,,800,,,,800,0,,,1,1200,60,1200,0,,,高端,,,10202,1对1课时包
NULL,1248,香港国际教育,30,国外考试部,,2200037560,香港国际教育培训中心,,高中,常规体系,DSE,不区分,英语,,,,,,LP17697717572340,,,,,,,,香港国际教育旺角留学考试中心,香港国际教育旺角留学考试中心,"寒假,春季,暑假,秋季",,,,,2026,202604,2026,20264,202611,,,,1588.89,,,,1588.89,0,,,2,1080,120,840,240,,,高端,,,10202,1对1课时包
NULL,1248,香港国际教育,30,国外考试部,,2200037560,香港国际教育培训中心,,高中,常规体系,IELTS,不区分,写作,,,,,,LP17697602691464,,,,,,,,香港国际教育旺角留学考试中心,香港国际教育旺角留学考试中心,"寒假,春季,暑假,秋季",,,,,2026,202603,2026,20264,202610,,,,1600,,,,1600,0,,,2,1200,120,660,540,,,高端,,,10202,1对1课时包
NULL,1248,香港国际教育,30,国外考试部,,2200037560,香港国际教育培训中心,,高中,常规体系,IELTS,不区分,口语,,,,,,LP17697602691464,,,,,,,,香港国际教育旺角留学考试中心,香港国际教育旺角留学考试中心,"寒假,春季,暑假,秋季",,,,,2026,202603,2026,20264,202610,,,,800,,,,800,0,,,1,1200,60,660,540,,,高端,,,10202,1对1课时包
NULL,1248,香港国际教育,30,国外考试部,,2200037560,香港国际教育培训中心,,高中,常规体系,IELTS,不区分,阅读,,,,,,LP17697602691464,,,,,,,,香港国际教育旺角留学考试中心,香港国际教育旺角留学考试中心,"寒假,春季,暑假,秋季",,,,,2026,202603,2026,20264,202610,,,,800,,,,800,0,,,1,1200,60,660,540,,,高端,,,10202,1对1课时包
NULL,1248,香港国际教育,30,国外考试部,,2200037560,香港国际教育培训中心,,大学雅思,常规体系,IELTS,不区分,听力,,,,,,LP17588815391274,,,,,,,,香港国际教育旺角留学考试中心,香港国际教育旺角留学考试中心,"寒假,春季,暑假,秋季",,,,,2025,202510,2026,20262,202605,,,,964.45,,,,964.45,0,,,2,1080,120,240,840,,,高端,,,10202,1对1课时包
NULL,1248,香港国际教育,30,国外考试部,,2200037560,香港国际教育培训中心,,大学雅思,常规体系,IELTS,不区分,阅读,,,,,,LP17588815391274,,,,,,,,香港国际教育旺角留学考试中心,香港国际教育旺角留学考试中心,"寒假,春季,暑假,秋季",,,,,2025,202510,2026,20262,202605,,,,964.44,,,,964.44,0,,,2,1080,120,240,840,,,高端,,,10202,1对1课时包
NULL,1248,香港国际教育,30,国外考试部,,2200037560,香港国际教育培训中心,,大学雅思,常规体系,IELTS,不区分,写作,,,,,,LP1761459575955,,,,,,,,香港国际教育旺角留学考试中心,香港国际教育旺角留学考试中心,"寒假,春季,暑假,秋季",,,,,2025,202511,2026,20262,202606,,,,6355.56,,,,6355.56,0,,,8,1080,480,960,120,,,高端,,,10202,1对1课时包
NULL,1248,香港国际教育,30,国外考试部,,2200037560,香港国际教育培训中心,,大学雅思,常规体系,IELTS,不区分,写作,,,,,,LP17588815391274,,,,,,,,香港国际教育旺角留学考试中心,香港国际教育旺角留学考试中心,"寒假,春季,暑假,秋季",,,,,2025,202511,2026,20262,202606,,,,964.44,,,,964.44,0,,,2,1080,120,600,480,,,高端,,,10202,1对1课时包
NULL,1248,香港国际教育,30,国外考试部,,2200037560,香港国际教育培训中心,,大学雅思,常规体系,IELTS,不区分,写作,,,,,,LP1761459575955,,,,,,,,香港国际教育旺角留学考试中心,香港国际教育旺角留学考试中心,"寒假,春季,暑假,秋季",,,,,2025,202511,2026,20262,202606,,,,1588.89,,,,1588.89,0,,,2,1080,120,960,120,,,高端,,,10202,1对1课时包
NULL,1248,香港国际教育,30,国外考试部,,2200037560,香港国际教育培训中心,,大学雅思,常规体系,IELTS,不区分,口语,,,,,,LP1761459575955,,,,,,,,香港国际教育旺角留学考试中心,香港国际教育旺角留学考试中心,"寒假,春季,暑假,秋季",,,,,2025,202511,2026,20262,202606,,,,4766.67,,,,4766.67,0,,,6,1080,360,960,120,,,高端,,,10202,1对1课时包
NULL,1248,香港国际教育,30,国外考试部,,2200037560,香港国际教育培训中心,,大学雅思,常规体系,IELTS,不区分,听力,,,,,,LP17588815391274,,,,,,,,香港国际教育旺角留学考试中心,香港国际教育旺角留学考试中心,"寒假,春季,暑假,秋季",,,,,2025,202511,2026,20262,202606,,,,964.44,,,,964.44,0,,,2,1080,120,600,480,,,高端,,,10202,1对1课时包
NULL,1248,香港国际教育,30,国外考试部,,2200037560,香港国际教育培训中心,,大学雅思,常规体系,IELTS,不区分,阅读,,,,,,LP17588815391274,,,,,,,,香港国际教育旺角留学考试中心,香港国际教育旺角留学考试中心,"寒假,春季,暑假,秋季",,,,,2025,202511,2026,20262,202606,,,,964.45,,,,964.45,0,,,2,1080,120,600,480,,,高端,,,10202,1对1课时包
NULL,1248,香港国际教育,30,国外考试部,,2200037560,香港国际教育培训中心,,大学雅思,常规体系,IELTS,不区分,阅读,,,,,,LP1761459575955,,,,,,,,香港国际教育旺角留学考试中心,香港国际教育旺角留学考试中心,"寒假,春季,暑假,秋季",,,,,2025,202512,2026,20263,202607,,,,1588.88,,,,1588.88,0,,,2,1080,120,1080,0,,,高端,,,10202,1对1课时包
NULL,1248,香港国际教育,30,国外考试部,,2200037560,香港国际教育培训中心,,高中,常规体系,DSE,不区分,英语,,,,,,LP17544756671873,,,,,,,,香港国际教育旺角留学考试中心,香港国际教育旺角留学考试中心,"寒假,春季,暑假,秋季",,,,,2025,202508,2026,20261,202603,,,,0,,,,0,0,,,2,960,120,960,0,,,高端,,,10202,1对1课时包
NULL,1248,香港国际教育,30,国外考试部,,2200037560,香港国际教育培训中心,,高中,常规体系,DSE,不区分,英语,,,,,,LP17544756671873,,,,,,,,香港国际教育旺角留学考试中心,香港国际教育旺角留学考试中心,"寒假,春季,暑假,秋季",,,,,2025,202508,2026,20261,202603,,,,0,,,,0,0,,,2,960,120,960,0,,,高端,,,10202,1对1课时包
NULL,1248,香港国际教育,30,国外考试部,,2200037560,香港国际教育培训中心,,高中,常规体系,DSE,不区分,英语,,,,,,LP17544756671873,,,,,,,,香港国际教育旺角留学考试中心,香港国际教育旺角留学考试中心,"寒假,春季,暑假,秋季",,,,,2025,202508,2026,20261,202603,,,,0,,,,0,0,,,6,960,360,960,0,,,高端,,,10202,1对1课时包
NULL,1248,香港国际教育,30,国外考试部,,2200037560,香港国际教育培训中心,,高中,常规体系,DSE,不区分,英语,,,,,,LP17544756671873,,,,,,,,香港国际教育旺角留学考试中心,香港国际教育旺角留学考试中心,"寒假,春季,暑假,秋季",,,,,2025,202508,2026,20261,202603,,,,0,,,,0,0,,,6,960,360,960,0,,,高端,,,10202,1对1课时包
NULL,1248,香港国际教育,30,国外考试部,,2200037560,香港国际教育培训中心,,高中,常规体系,IELTS,不区分,口语,,,,,,LP17566401737646,,,,,,,,香港国际教育旺角留学考试中心,香港国际教育旺角留学考试中心,"寒假,春季,暑假,秋季",,,,,2025,202509,2026,20262,202604,,,,850,,,,850,0,,,1,240,60,240,0,,,高端,,,10202,1对1课时包
NULL,1248,香港国际教育,30,国外考试部,,2200037560,香港国际教育培训中心,,高中,常规体系,IELTS,不区分,听力,,,,,,LP17566401737646,,,,,,,,香港国际教育旺角留学考试中心,香港国际教育旺角留学考试中心,"寒假,春季,暑假,秋季",,,,,2025,202509,2026,20262,202604,,,,1700,,,,1700,0,,,2,240,120,240,0,,,高端,,,10202,1对1课时包
NULL,1248,香港国际教育,30,国外考试部,,2200037560,香港国际教育培训中心,,高中,常规体系,IELTS,不区分,阅读,,,,,,LP17566401737646,,,,,,,,香港国际教育旺角留学考试中心,香港国际教育旺角留学考试中心,"寒假,春季,暑假,秋季",,,,,2025,202509,2026,20262,202604,,,,850,,,,850,0,,,1,240,60,240,0,,,高端,,,10202,1对1课时包
NULL,1248,香港国际教育,30,国外考试部,,2200037560,香港国际教育培训中心,,高中,常规体系,DSE,不区分,英语,,,,,,LP17645735485400,,,,,,,,香港国际教育旺角留学考试中心,香港国际教育旺角留学考试中心,"寒假,春季,暑假,秋季",,,,,2025,202512,2026,20263,202607,,,,1700,,,,1700,0,,,2,360,120,120,240,,,高端,,,10202,1对1课时包
NULL,1248,香港国际教育,30,国外考试部,,2200037560,香港国际教育培训中心,,高中,常规体系,DSE,不区分,英语,,,,,,LP17645735485400,,,,,,,,香港国际教育旺角留学考试中心,香港国际教育旺角留学考试中心,"寒假,春季,暑假,秋季",,,,,2026,202601,2026,20263,202608,,,,1700,,,,1700,0,,,2,360,120,240,120,,,高端,,,10202,1对1课时包
NULL,1248,香港国际教育,30,国外考试部,,2200037560,香港国际教育培训中心,,高中,常规体系,DSE,不区分,英语,,,,,,LP17697597241432,,,,,,,,香港国际教育旺角留学考试中心,香港国际教育旺角留学考试中心,"寒假,春季,暑假,秋季",,,,,2026,202602,2026,20263,202609,,,,1700,,,,1700,0,,,2,480,120,120,360,,,高端,,,10202,1对1课时包
NULL,1248,香港国际教育,30,国外考试部,,2200037560,香港国际教育培训中心,,高中,常规体系,DSE,不区分,英语,,,,,,LP17697597241432,,,,,,,,香港国际教育旺角留学考试中心,香港国际教育旺角留学考试中心,"寒假,春季,暑假,秋季",,,,,2026,202603,2026,20264,202610,,,,3400,,,,3400,0,,,4,480,240,480,0,,,高端,,,10202,1对1课时包
NULL,1248,香港国际教育,30,国外考试部,,2200037560,香港国际教育培训中心,,高中,常规体系,DSE,不区分,英语,,,,,,LP17697597241432,,,,,,,,香港国际教育旺角留学考试中心,香港国际教育旺角留学考试中心,"寒假,春季,暑假,秋季",,,,,2026,202603,2026,20264,202610,,,,1700,,,,1700,0,,,2,480,120,480,0,,,高端,,,10202,1对1课时包
NULL,1248,香港国际教育,30,国外考试部,英联邦项目部,NULL,未归类,未归类,国外考试部,常规体系,DSE,未归类,英语,未归类,未归类,出国读本科,"初中生,高中生",非标项目（英联邦）,HKDA001D,DSE常规课程（起跑班4/6）,正常,2025-12-06 00:00:00,2025-12-06 14:20:00,2026-01-10 18:30:00,12,11,香港国际教育旺角留学考试中心,香港国际教育旺角留学考试中心,寒假,2026,20263,2026,2026,2025,202512,2026,20263,202607,寒假,寒假,43857.18,21928.59,21928.59,,21928.59,21928.59,0,21928.59,0,8,960,480,480,480,4,4,报名,DSE英语全程班,小班,10100,班课
NULL,1248,香港国际教育,30,国外考试部,英联邦项目部,NULL,未归类,未归类,国外考试部,常规体系,DSE,未归类,英语,未归类,未归类,出国读本科,"初中生,高中生",非标项目（英联邦）,HKTB001D,同步辅导课程（强化班4/10）,正常,2025-12-03 00:00:00,2025-12-03 17:20:00,2028-01-01 19:20:00,12,9,香港国际教育旺角留学考试中心,香港国际教育旺角留学考试中心,寒假,2026,20263,2026,2026,2025,202512,2026,20263,202607,寒假,寒假,32474.331,28415.05,28415.05,,4059.2823,28415.05,0,28415.05,0,14,960,840,840,120,7,7,报名,DSE英语全程班,小班,10100,班课
NULL,1248,香港国际教育,30,国外考试部,英联邦项目部,NULL,未归类,未归类,国外考试部,常规体系,DSE,未归类,英语,未归类,未归类,出国读本科,"初中生,高中生",非标项目（英联邦）,HKDA001D,DSE常规课程（起跑班4/6）,正常,2025-12-06 00:00:00,2025-12-06 14:20:00,2026-01-10 18:30:00,12,11,香港国际教育旺角留学考试中心,香港国际教育旺角留学考试中心,寒假,2026,20263,2026,2026,2026,202601,2026,20263,202608,寒假,寒假,43857.18,21928.59,43857.18,,0,21928.59,0,43857.18,0,8,960,480,960,0,4,8,报名,DSE英语全程班,小班,10100,班课
NULL,1248,香港国际教育,30,国外考试部,英联邦项目部,NULL,未归类,未归类,国外考试部,常规体系,DSE,未归类,英语,未归类,未归类,出国读本科,"初中生,高中生",非标项目（英联邦）,HKDA003G,续-DSE常规课程（起跑3/6）,正常,2026-03-07 00:00:00,2026-03-07 08:30:00,2026-03-28 12:40:00,12,12,香港国际教育旺角留学考试中心,香港国际教育旺角留学考试中心,"春季,暑假,秋季,寒假",2026,20264,2026,2026,2026,202603,2026,20264,202610,春季,春季,40376.8125,40376.81,40376.81,,0,40376.81,0,40376.81,0,16,960,960,960,0,8,8,报名,DSE英语全程班,小班,10100,班课
NULL,1248,香港国际教育,30,国外考试部,英联邦项目部,NULL,未归类,未归类,国外考试部,常规体系,DSE,未归类,英语,未归类,未归类,出国读本科,"初中生,高中生",非标项目（英联邦）,HKDB001A,DSE常规课程（加速）,正常,2025-09-06 00:00:00,2025-09-06 08:30:00,2025-09-27 12:40:00,12,2,香港国际教育旺角留学考试中心,香港国际教育旺角留学考试中心,秋季,2026,20262,2026,2026,2025,202511,2026,20262,202606,秋季,秋季,3941.136,-17242.47,3941.14,,0,-17242.47,0,3941.14,0,0,960,0,960,0,0,8,报名,DSE英语全程班,小班,10100,班课
NULL,1248,香港国际教育,30,国外考试部,英联邦项目部,NULL,未归类,未归类,国外考试部,常规体系,DSE,未归类,英语,未归类,未归类,出国读本科,"初中生,高中生",非标项目（英联邦）,HKDB001A,DSE常规课程（加速）,正常,2025-09-06 00:00:00,2025-09-06 08:30:00,2025-09-27 12:40:00,12,2,香港国际教育旺角留学考试中心,香港国际教育旺角留学考试中心,秋季,2026,20262,2026,2026,2025,202509,2026,20262,202604,秋季,秋季,21199.86,21199.86,21199.86,,0,21199.86,0,21199.86,0,16,960,960,960,0,8,8,报名,DSE英语全程班,小班,10100,班课
NULL,1248,香港国际教育,30,国外考试部,英联邦项目部,NULL,未归类,未归类,国外考试部,常规体系,DSE,未归类,英语,未归类,未归类,出国读本科,"初中生,高中生",非标项目（英联邦）,HKDB003A,DSE常规课程（加速）,正常,2025-09-07 00:00:00,2025-09-07 14:20:00,2025-09-28 18:30:00,12,4,香港国际教育旺角留学考试中心,香港国际教育旺角留学考试中心,秋季,2026,20262,2026,2026,2025,202509,2026,20262,202604,秋季,秋季,16780.94,16780.94,16780.94,,0,16780.94,0,16780.94,0,16,960,960,960,0,8,8,报名,DSE英语全程班,小班,10100,班课
NULL,1248,香港国际教育,30,国外考试部,英联邦项目部,NULL,未归类,未归类,国外考试部,常规体系,DSE,未归类,英语,未归类,未归类,出国读本科,"初中生,高中生",非标项目（英联邦）,HKDB001A,DSE常规课程（加速）,正常,2025-09-06 00:00:00,2025-09-06 08:30:00,2025-09-27 12:40:00,12,2,香港国际教育旺角留学考试中心,香港国际教育旺角留学考试中心,秋季,2026,20262,2026,2026,2026,202603,2026,20264,202610,秋季,秋季,0,-3930.77,0,,0,-3930.77,0,0,0,0,960,0,960,0,0,8,报名,DSE英语全程班,小班,10100,班课
NULL,1248,香港国际教育,30,国外考试部,英联邦项目部,NULL,未归类,未归类,国外考试部,常规体系,IELTS,未归类,"阅读,写作,词汇,听力,口语,语法",未归类,初级,未归类,"初中生,高中生,小学生",IELTS,HKYB002G,续-雅思常规课程（初级班5/6）,正常,2026-03-07 00:00:00,2026-03-07 08:30:00,2026-03-28 12:40:00,12,4,香港国际教育旺角留学考试中心,香港国际教育旺角留学考试中心,春季,2026,20264,2026,2026,2026,202603,2026,20264,202610,春季,春季,15695.775,15695.78,15695.78,,0,15695.78,0,15695.78,0,16,960,960,960,0,8,8,报名,雅思直通车初级课程,小班,10100,班课
NULL,1248,香港国际教育,30,国外考试部,英联邦项目部,NULL,未归类,未归类,国外考试部,常规体系,DSE,未归类,英语,未归类,未归类,出国读本科,"初中生,高中生",非标项目（英联邦）,HKTB002A,同步辅导课程（DSE强化-纯线上班）,正常,2025-09-03 00:00:00,2025-09-03 17:20:00,2025-09-26 19:20:00,12,3,香港国际教育旺角留学考试中心,香港国际教育旺角留学考试中心,秋季,2026,20262,2026,2026,2025,202510,2026,20262,202605,秋季,秋季,4433.778,-11987.62,4433.78,,0,-11987.62,0,4433.78,0,0,960,0,960,0,0,8,报名,DSE英语全程班,小班,10100,班课
NULL,1248,香港国际教育,30,国外考试部,英联邦项目部,NULL,未归类,未归类,国外考试部,常规体系,DSE,未归类,英语,未归类,未归类,出国读本科,"初中生,高中生",非标项目（英联邦）,HKTB001A,同步辅导课程（DSE强化）,正常,2025-09-03 00:00:00,2025-09-03 17:20:00,2025-09-27 21:30:00,12,7,香港国际教育旺角留学考试中心,香港国际教育旺角留学考试中心,秋季,2026,20262,2026,2026,2025,202510,2026,20262,202605,秋季,秋季,25179.48,-2134.78,25179.48,,0,-2134.78,0,25179.48,0,0,960,0,960,0,0,8,报名,DSE英语全程班,小班,10100,班课
NULL,1248,香港国际教育,30,国外考试部,英联邦项目部,NULL,未归类,未归类,国外考试部,常规体系,DSE,未归类,英语,未归类,未归类,出国读本科,"初中生,高中生",非标项目（英联邦）,HKTB001B,同步辅导课程（DSE强化-续）,正常,2025-10-08 00:00:00,2025-10-08 17:20:00,2025-10-31 19:20:00,12,5,香港国际教育旺角留学考试中心,香港国际教育旺角留学考试中心,秋季,2026,20262,2026,2026,2025,202511,2026,20262,202606,秋季,秋季,21183.606,-4105.35,21183.61,,0,-4105.35,0,21183.61,0,0,960,0,960,0,0,8,报名,DSE英语全程班,小班,10100,班课
NULL,1248,香港国际教育,30,国外考试部,英联邦项目部,NULL,未归类,未归类,国外考试部,常规体系,DSE,未归类,英语,未归类,未归类,出国读本科,"初中生,高中生",非标项目（英联邦）,HKTB002A,同步辅导课程（DSE强化-纯线上班）,正常,2025-09-03 00:00:00,2025-09-03 17:20:00,2025-09-26 19:20:00,12,3,香港国际教育旺角留学考试中心,香港国际教育旺角留学考试中心,秋季,2026,20262,2026,2026,2025,202509,2026,20262,202604,秋季,秋季,16434,16434,16434,,0,16434,0,16434,0,16,960,960,960,0,8,8,报名,DSE英语全程班,小班,10100,班课
NULL,1248,香港国际教育,30,国外考试部,英联邦项目部,NULL,未归类,未归类,国外考试部,常规体系,DSE,未归类,英语,未归类,未归类,出国读本科,"初中生,高中生",非标项目（英联邦）,HKTB001A,同步辅导课程（DSE强化）,正常,2025-09-03 00:00:00,2025-09-03 17:20:00,2025-09-27 21:30:00,12,7,香港国际教育旺角留学考试中心,香港国际教育旺角留学考试中心,秋季,2026,20262,2026,2026,2025,202509,2026,20262,202604,秋季,秋季,27335.22,27335.22,27335.22,,0,27335.22,0,27335.22,0,16,960,960,960,0,8,8,报名,DSE英语全程班,小班,10100,班课
NULL,1248,香港国际教育,30,国外考试部,英联邦项目部,NULL,未归类,未归类,国外考试部,常规体系,DSE,未归类,英语,未归类,未归类,出国读本科,"初中生,高中生",非标项目（英联邦）,HKTB001B,同步辅导课程（DSE强化-续）,正常,2025-10-08 00:00:00,2025-10-08 17:20:00,2025-10-31 19:20:00,12,5,香港国际教育旺角留学考试中心,香港国际教育旺角留学考试中心,秋季,2026,20262,2026,2026,2025,202510,2026,20262,202605,秋季,秋季,25288.956,25288.96,25288.96,,0,25288.96,0,25288.96,0,16,960,960,960,0,8,8,报名,DSE英语全程班,小班,10100,班课
NULL,1248,香港国际教育,30,国外考试部,英联邦项目部,NULL,未归类,未归类,国外考试部,常规体系,DSE,未归类,英语,未归类,未归类,出国读本科,"初中生,高中生",非标项目（英联邦）,HKTB001E,同步辅导课程（强化5/10）,正常,2026-01-07 00:00:00,2026-01-07 17:20:00,2026-01-30 19:20:00,12,12,香港国际教育旺角留学考试中心,香港国际教育旺角留学考试中心,寒假,2026,20263,2026,2026,2026,202602,2026,20263,202609,寒假,寒假,39876.3675,-523.19,39876.37,,0,-523.19,0,39876.37,0,0,960,0,960,0,0,8,报名,DSE英语全程班,小班,10100,班课
NULL,1248,香港国际教育,30,国外考试部,英联邦项目部,NULL,未归类,未归类,国外考试部,常规体系,DSE,未归类,英语,未归类,未归类,出国读本科,"初中生,高中生",非标项目（英联邦）,HKTC002E,同步辅导课程（培优1/10）,正常,2026-01-18 00:00:00,2026-01-18 08:30:00,2026-02-08 12:40:00,12,12,香港国际教育旺角留学考试中心,香港国际教育旺角留学考试中心,寒假,2026,20263,2026,2026,2026,202601,2026,20263,202608,寒假,寒假,46586.88,23293.44,23293.44,,23293.44,23293.44,0,23293.44,0,8,960,480,480,480,4,4,报名,DSE英语全程班,小班,10100,班课
NULL,1248,香港国际教育,30,国外考试部,英联邦项目部,NULL,未归类,未归类,国外考试部,常规体系,DSE,未归类,英语,未归类,未归类,出国读本科,"初中生,高中生",非标项目（英联邦）,HKTC002E,同步辅导课程（培优1/10）,正常,2026-01-18 00:00:00,2026-01-18 08:30:00,2026-02-08 12:40:00,12,12,香港国际教育旺角留学考试中心,香港国际教育旺角留学考试中心,寒假,2026,20263,2026,2026,2026,202602,2026,20263,202609,寒假,寒假,44628.4112,21334.97,44628.41,,0,21334.97,0,44628.41,0,8,960,480,960,0,4,8,报名,DSE英语全程班,小班,10100,班课
NULL,1248,香港国际教育,30,国外考试部,英联邦项目部,NULL,未归类,未归类,国外考试部,常规体系,DSE,未归类,英语,未归类,未归类,出国读本科,"初中生,高中生",非标项目（英联邦）,HKTB001E,同步辅导课程（强化5/10）,正常,2026-01-07 00:00:00,2026-01-07 17:20:00,2026-01-30 19:20:00,12,12,香港国际教育旺角留学考试中心,香港国际教育旺角留学考试中心,寒假,2026,20263,2026,2026,2026,202601,2026,20263,202608,寒假,寒假,40399.56,40399.56,40399.56,,0,40399.56,0,40399.56,0,16,960,960,960,0,8,8,报名,DSE英语全程班,小班,10100,班课
NULL,1248,香港国际教育,30,国外考试部,英联邦项目部,NULL,未归类,未归类,国外考试部,常规体系,IELTS,未归类,"阅读,写作,词汇,听力,口语,语法",未归类,初级,未归类,"初中生,高中生,小学生",IELTS,HKYA002D,雅思常规课程（综合提能课程3/10）,正常,2025-12-03 00:00:00,2025-12-03 19:30:00,2025-12-31 21:30:00,12,4,香港国际教育旺角留学考试中心,香港国际教育旺角留学考试中心,寒假,2026,20263,2026,2026,2025,202512,2026,20263,202607,寒假,寒假,18953.217,18953.22,18953.22,,0,18953.22,0,18953.22,0,16,960,960,960,0,8,8,报名,雅思直通车初级课程,小班,10100,班课
NULL,1248,香港国际教育,30,国外考试部,英联邦项目部,NULL,未归类,未归类,国外考试部,常规体系,IELTS,未归类,"阅读,写作,词汇,听力,口语,语法",未归类,中级,未归类,"初中生,高中生,小学生",IELTS,HKYC001F,续-雅思常规课程（中级班92/96）,正常,2026-02-07 00:00:00,2026-02-07 08:30:00,2026-02-28 17:00:00,12,0,香港国际教育旺角留学考试中心,香港国际教育旺角留学考试中心,寒假,2026,20263,2026,2026,2026,202602,2026,20263,202609,寒假,寒假,0,0,0,,0,0,0,0,0,15,900,900,900,0,7,7,报名,雅思直通车中级课程,小班,10100,班课
NULL,1248,香港国际教育,30,国外考试部,英联邦项目部,NULL,未归类,未归类,国外考试部,常规体系,IELTS,未归类,"阅读,写作,词汇,听力,口语,语法",未归类,初级,未归类,"初中生,高中生,小学生",IELTS,HKYA002D,雅思常规课程（综合提能课程3/10）,正常,2025-12-03 00:00:00,2025-12-03 19:30:00,2025-12-31 21:30:00,12,4,香港国际教育旺角留学考试中心,香港国际教育旺角留学考试中心,寒假,2026,20263,2026,2026,2026,202601,2026,20263,202608,寒假,寒假,17861.337,-1091.88,17861.34,,0,-1091.88,0,17861.34,0,0,960,0,960,0,0,8,报名,雅思直通车初级课程,小班,10100,班课
NULL,1248,香港国际教育,30,国外考试部,英联邦项目部,NULL,未归类,未归类,国外考试部,常规体系,IELTS,未归类,"阅读,写作,词汇,听力,口语,语法",未归类,初级,未归类,"初中生,高中生,小学生",IELTS,HKYB002F,续-雅思常规课程（初级班4/6）,正常,2026-02-07 00:00:00,2026-02-07 08:30:00,2026-02-28 12:40:00,12,4,香港国际教育旺角留学考试中心,香港国际教育旺角留学考试中心,寒假,2026,20263,2026,2026,2026,202602,2026,20263,202609,寒假,寒假,10312.2607,10312.26,10312.26,,0,10312.26,0,10312.26,0,12,720,720,720,0,6,6,报名,雅思直通车初级课程,小班,10100,班课
NULL,1248,香港国际教育,30,国外考试部,英联邦项目部,NULL,未归类,未归类,国外考试部,常规体系,DSE,未归类,英语,未归类,未归类,出国读本科,"初中生,高中生",非标项目（英联邦）,HKDA001G,续-DSE常规课程（起跑96/96）,正常,2026-03-07 00:00:00,2026-03-07 09:00:00,2026-03-21 18:30:00,12,9,香港国际教育旺角留学考试中心,香港国际教育旺角留学考试中心,春季,2026,20264,2026,2026,2026,202603,2026,20264,202610,春季,春季,21510.036,21510.04,21510.04,,0,21510.04,0,21510.04,0,15,900,900,900,0,7,7,报名,DSE英语全程班,小班,10100,班课
NULL,1248,香港国际教育,30,国外考试部,英联邦项目部,NULL,未归类,未归类,国外考试部,常规体系,DSE,未归类,英语,未归类,未归类,出国读本科,"初中生,高中生",非标项目（英联邦）,HKDCJ001,DSE考前集训班（冲刺）,正常,2026-03-03 00:00:00,2026-03-03 08:30:00,2026-03-21 12:40:00,12,3,香港国际教育旺角留学考试中心,香港国际教育旺角留学考试中心,春季,2026,20264,2026,2026,2026,202603,2026,20264,202610,春季,春季,46429.1943,46429.19,46429.19,,0,46429.19,0,46429.19,0,60,3600,3600,3600,0,30,30,报名,DSE英语全程班,小班,10100,班课
NULL,1248,香港国际教育,30,国外考试部,英联邦项目部,NULL,未归类,未归类,国外考试部,常规体系,DSE,未归类,英语,未归类,未归类,出国读本科,"初中生,高中生",非标项目（英联邦）,HKTB001G,续-同步辅导课程（强化7/10）,正常,2026-03-04 00:00:00,2026-03-04 17:20:00,2026-03-27 19:20:00,12,12,香港国际教育旺角留学考试中心,香港国际教育旺角留学考试中心,"春季,暑假,秋季,寒假",2026,20264,2026,2026,2026,202603,2026,20264,202610,春季,春季,32066.3318,32066.33,32066.33,,0,32066.33,0,32066.33,0,16,960,960,960,0,8,8,报名,DSE英语全程班,小班,10100,班课
NULL,1248,香港国际教育,30,国外考试部,英联邦项目部,NULL,未归类,未归类,国外考试部,常规体系,DSE,未归类,英语,未归类,未归类,出国读本科,"初中生,高中生",非标项目（英联邦）,HKTA001G,续-同步辅导课程（基础7/10）,正常,2026-03-05 00:00:00,2026-03-05 17:20:00,2026-03-31 19:20:00,12,10,香港国际教育旺角留学考试中心,香港国际教育旺角留学考试中心,"春季,暑假,秋季,寒假",2026,20264,2026,2026,2026,202603,2026,20264,202610,春季,春季,43015.5225,43015.52,43015.52,,0,43015.52,0,43015.52,0,16,960,960,960,0,8,8,报名,DSE英语全程班,小班,10100,班课
NULL,1248,香港国际教育,30,国外考试部,英联邦项目部,NULL,未归类,未归类,国外考试部,常规体系,DSE,未归类,英语,未归类,未归类,出国读本科,"初中生,高中生",非标项目（英联邦）,HKDB004G,续-DSE常规课程（加速3/6）,正常,2026-03-07 00:00:00,2026-03-07 14:20:00,2026-03-28 18:30:00,12,11,香港国际教育旺角留学考试中心,香港国际教育旺角留学考试中心,"春季,暑假,秋季,寒假",2026,20264,2026,2026,2026,202603,2026,20264,202610,春季,春季,40900.005,40900.01,40900.01,,0,40900.01,0,40900.01,0,16,960,960,960,0,8,8,报名,DSE英语全程班,小班,10100,班课
NULL,1248,香港国际教育,30,国外考试部,英联邦项目部,NULL,未归类,未归类,国外考试部,常规体系,IELTS,未归类,"阅读,写作,词汇,听力,口语,语法",未归类,初级,未归类,"初中生,高中生,小学生",IELTS,HKYB003G,雅思常规课程（初级16/96）,正常,2026-03-08 00:00:00,2026-03-08 14:20:00,2026-03-29 18:30:00,12,10,香港国际教育旺角留学考试中心,香港国际教育旺角留学考试中心,"春季,暑假,秋季,寒假",2026,20264,2026,2026,2026,202603,2026,20264,202610,春季,春季,39262.185,39262.19,39262.19,,0,39262.19,0,39262.19,0,16,960,960,960,0,8,8,报名,雅思直通车初级课程,小班,10100,班课
NULL,1248,香港国际教育,30,国外考试部,英联邦项目部,NULL,未归类,未归类,国外考试部,常规体系,DSE,未归类,英语,未归类,未归类,出国读本科,"初中生,高中生",非标项目（英联邦）,HKDA001A,DSE常规课程（起跑-纯线上班）,正常,2025-09-06 00:00:00,2025-09-06 14:20:00,2025-09-27 18:30:00,12,10,香港国际教育旺角留学考试中心,香港国际教育旺角留学考试中心,秋季,2026,20262,2026,2026,2025,202510,2026,20262,202605,秋季,秋季,41445.789,-3941.14,41445.79,,0,-3941.14,0,41445.79,0,0,960,0,960,0,0,8,报名,DSE英语全程班,小班,10100,班课
NULL,1248,香港国际教育,30,国外考试部,英联邦项目部,NULL,未归类,未归类,国外考试部,常规体系,DSE,未归类,英语,未归类,未归类,出国读本科,"初中生,高中生",非标项目（英联邦）,HKDA001A,DSE常规课程（起跑-纯线上班）,正常,2025-09-06 00:00:00,2025-09-06 14:20:00,2025-09-27 18:30:00,12,10,香港国际教育旺角留学考试中心,香港国际教育旺角留学考试中心,秋季,2026,20262,2026,2026,2025,202511,2026,20262,202606,秋季,秋季,31551.8955,-9893.89,31551.9,,0,-9893.89,0,31551.9,0,0,960,0,960,0,0,8,报名,DSE英语全程班,小班,10100,班课
NULL,1248,香港国际教育,30,国外考试部,英联邦项目部,NULL,未归类,未归类,国外考试部,常规体系,DSE,未归类,英语,未归类,未归类,出国读本科,"初中生,高中生",非标项目（英联邦）,HKTB002B,同步辅导课程（DSE强化-纯线上班-续）,正常,2025-10-08 00:00:00,2025-10-08 17:20:00,2025-11-02 19:20:00,12,5,香港国际教育旺角留学考试中心,香港国际教育旺角留学考试中心,秋季,2026,20262,2026,2026,2025,202511,2026,20262,202606,秋季,秋季,0,0,0,,0,0,0,0,0,4,960,240,960,0,2,8,报名,DSE英语全程班,小班,10100,班课
NULL,1248,香港国际教育,30,国外考试部,英联邦项目部,NULL,未归类,未归类,国外考试部,常规体系,DSE,未归类,英语,未归类,未归类,出国读本科,"初中生,高中生",非标项目（英联邦）,HKTB002B,同步辅导课程（DSE强化-纯线上班-续）,正常,2025-10-08 00:00:00,2025-10-08 17:20:00,2025-11-02 19:20:00,12,5,香港国际教育旺角留学考试中心,香港国际教育旺角留学考试中心,秋季,2026,20262,2026,2026,2025,202510,2026,20262,202605,秋季,秋季,0,0,0,,0,0,0,0,0,12,960,720,720,240,6,6,报名,DSE英语全程班,小班,10100,班课
NULL,1248,香港国际教育,30,国外考试部,英联邦项目部,NULL,未归类,未归类,国外考试部,常规体系,DSE,未归类,英语,未归类,未归类,出国读本科,"初中生,高中生",非标项目（英联邦）,HKDA001A,DSE常规课程（起跑-纯线上班）,正常,2025-09-06 00:00:00,2025-09-06 14:20:00,2025-09-27 18:30:00,12,10,香港国际教育旺角留学考试中心,香港国际教育旺角留学考试中心,秋季,2026,20262,2026,2026,2025,202509,2026,20262,202604,秋季,秋季,45421.75,45421.75,45421.75,,0,45421.75,0,45421.75,0,16,960,960,960,0,8,8,报名,DSE英语全程班,小班,10100,班课
NULL,1248,香港国际教育,30,国外考试部,英联邦项目部,NULL,未归类,未归类,国外考试部,常规体系,DSE,未归类,英语,未归类,未归类,出国读本科,"初中生,高中生",非标项目（英联邦）,HKTA001B,同步辅导课程（DSE基础-续）,正常,2025-10-02 00:00:00,2025-10-02 17:20:00,2025-10-28 19:20:00,12,4,香港国际教育旺角留学考试中心,香港国际教育旺角留学考试中心,秋季,2026,20262,2026,2026,2025,202510,2026,20262,202605,秋季,秋季,18702.15,18702.15,18702.15,,0,18702.15,0,18702.15,0,16,960,960,960,0,8,8,报名,DSE英语全程班,小班,10100,班课
NULL,1248,香港国际教育,30,国外考试部,英联邦项目部,NULL,未归类,未归类,国外考试部,常规体系,DSE,未归类,英语,未归类,未归类,出国读本科,"初中生,高中生",非标项目（英联邦）,HKDB002C,DSE常规课程（加速）,正常,2025-11-09 00:00:00,2025-11-09 08:30:00,2025-11-30 12:40:00,12,11,香港国际教育旺角留学考试中心,香港国际教育旺角留学考试中心,秋季,2026,20262,2026,2026,2025,202511,2026,20262,202606,秋季,秋季,44337.78,44337.78,44337.78,,0,44337.78,0,44337.78,0,16,960,960,960,0,8,8,报名,DSE英语全程班,小班,10100,班课
NULL,1248,香港国际教育,30,国外考试部,英联邦项目部,NULL,未归类,未归类,国外考试部,常规体系,DSE,未归类,英语,未归类,未归类,出国读本科,"初中生,高中生",非标项目（英联邦）,HKDA001C,DSE常规课程（起跑）,正常,2025-11-08 00:00:00,2025-11-08 14:20:00,2025-11-29 18:30:00,12,12,香港国际教育旺角留学考试中心,香港国际教育旺角留学考试中心,秋季,2026,20262,2026,2026,2025,202511,2026,20262,202606,秋季,秋季,11823.408,11823.41,11823.41,,0,11823.41,0,11823.41,0,16,960,960,960,0,8,8,报名,DSE英语全程班,小班,10100,班课
NULL,1248,香港国际教育,30,国外考试部,英联邦项目部,NULL,未归类,未归类,国外考试部,常规体系,DSE,未归类,英语,未归类,未归类,出国读本科,"初中生,高中生",非标项目（英联邦）,HKDB002C,DSE常规课程（加速）,正常,2025-11-09 00:00:00,2025-11-09 08:30:00,2025-11-30 12:40:00,12,11,香港国际教育旺角留学考试中心,香港国际教育旺角留学考试中心,秋季,2026,20262,2026,2026,2025,202512,2026,20263,202607,秋季,秋季,40290.372,-3930.77,40290.37,,0,-3930.77,0,40290.37,0,0,960,0,960,0,0,8,报名,DSE英语全程班,小班,10100,班课
NULL,1248,香港国际教育,30,国外考试部,英联邦项目部,NULL,未归类,未归类,国外考试部,常规体系,IELTS,未归类,"阅读,写作,词汇,听力,口语,语法",未归类,初级,出国读本科,"初中生,高中生,小学生",IELTS,HKYB001A,雅思常规课程（初级班）,正常,2025-09-06 00:00:00,2025-09-06 14:20:00,2025-10-04 18:30:00,12,9,香港国际教育旺角留学考试中心,香港国际教育旺角留学考试中心,秋季,2026,20262,2026,2026,2025,202510,2026,20262,202605,秋季,秋季,40624.719,6338.2,40624.72,,0,6338.2,0,40624.72,0,4,960,240,960,0,2,8,报名,雅思直通车初级课程,小班,10100,班课
NULL,1248,香港国际教育,30,国外考试部,英联邦项目部,NULL,未归类,未归类,国外考试部,常规体系,IELTS,未归类,"阅读,写作,词汇,听力,口语,语法",未归类,初级,出国读本科,"初中生,高中生,小学生",IELTS,HKYB001A,雅思常规课程（初级班）,正常,2025-09-06 00:00:00,2025-09-06 14:20:00,2025-10-04 18:30:00,12,9,香港国际教育旺角留学考试中心,香港国际教育旺角留学考试中心,秋季,2026,20262,2026,2026,2025,202509,2026,20262,202604,秋季,秋季,45750.43,34312.82,34312.82,,11437.6075,34312.82,0,34312.82,0,12,960,720,720,240,6,6,报名,雅思直通车初级课程,小班,10100,班课
NULL,1248,香港国际教育,30,国外考试部,英联邦项目部,NULL,未归类,未归类,国外考试部,常规体系,DSE,未归类,英语,未归类,未归类,出国读本科,"初中生,高中生",非标项目（英联邦）,HKDA001A,DSE常规课程（起跑-纯线上班）,正常,2025-09-06 00:00:00,2025-09-06 14:20:00,2025-09-27 18:30:00,12,10,香港国际教育旺角留学考试中心,香港国际教育旺角留学考试中心,秋季,2026,20262,2026,2026,2026,202601,2026,20263,202608,秋季,秋季,27538.1235,-3930.77,27538.12,,0,-3930.77,0,27538.12,0,0,960,0,960,0,0,8,报名,DSE英语全程班,小班,10100,班课
NULL,1248,香港国际教育,30,国外考试部,英联邦项目部,NULL,未归类,未归类,国外考试部,常规体系,IELTS,未归类,"阅读,写作,词汇,听力,口语,语法",未归类,初级,出国读本科,"初中生,高中生,小学生",IELTS,HKYB001A,雅思常规课程（初级班）,正常,2025-09-06 00:00:00,2025-09-06 14:20:00,2025-10-04 18:30:00,12,9,香港国际教育旺角留学考试中心,香港国际教育旺角留学考试中心,秋季,2026,20262,2026,2026,2026,202601,2026,20263,202608,秋季,秋季,37583.4195,-2934.43,37583.42,,0,-2934.43,0,37583.42,0,0,960,0,960,0,0,8,报名,雅思直通车初级课程,小班,10100,班课
NULL,1248,香港国际教育,30,国外考试部,英联邦项目部,NULL,未归类,未归类,国外考试部,常规体系,IELTS,未归类,"阅读,写作,词汇,听力,口语,语法",未归类,中级,未归类,"初中生,高中生,小学生",IELTS,HKYC002C,雅思常规课程（中级班）,正常,2025-11-09 00:00:00,2025-11-09 08:30:00,2025-11-30 12:40:00,12,7,香港国际教育旺角留学考试中心,香港国际教育旺角留学考试中心,秋季,2026,20262,2026,2026,2025,202511,2026,20262,202606,秋季,秋季,11932.884,11932.88,11932.88,,0,11932.88,0,11932.88,0,16,960,960,960,0,8,8,报名,雅思直通车中级课程,小班,10100,班课
NULL,1248,香港国际教育,30,国外考试部,英联邦项目部,NULL,未归类,未归类,国外考试部,常规体系,IELTS,未归类,"阅读,写作,词汇,听力,口语,语法",未归类,中级,未归类,"初中生,高中生,小学生",IELTS,HKYC001C,雅思常规课程（中级班）,正常,2025-11-08 00:00:00,2025-11-08 08:30:00,2025-11-29 12:40:00,12,9,香港国际教育旺角留学考试中心,香港国际教育旺角留学考试中心,秋季,2026,20262,2026,2026,2025,202511,2026,20262,202606,秋季,秋季,3941.136,3941.14,3941.14,,0,3941.14,0,3941.14,0,16,960,960,960,0,8,8,报名,雅思直通车中级课程,小班,10100,班课
NULL,1248,香港国际教育,30,国外考试部,英联邦项目部,NULL,未归类,未归类,国外考试部,常规体系,IELTS,未归类,"阅读,写作,词汇,听力,口语,语法",未归类,中级,未归类,"初中生,高中生,小学生",IELTS,HKYC001C,雅思常规课程（中级班）,正常,2025-11-08 00:00:00,2025-11-08 08:30:00,2025-11-29 12:40:00,12,9,香港国际教育旺角留学考试中心,香港国际教育旺角留学考试中心,秋季,2026,20262,2026,2026,2025,202512,2026,20263,202607,秋季,秋季,1965.384,-1965.38,1965.38,,0,-1965.38,0,1965.38,0,0,960,0,960,0,0,8,报名,雅思直通车中级课程,小班,10100,班课
NULL,1248,香港国际教育,30,国外考试部,英联邦项目部,NULL,未归类,未归类,国外考试部,常规体系,DSE,未归类,英语,未归类,未归类,出国读本科,"初中生,高中生",非标项目（英联邦）,HKTB004D,同步辅导课程（强化班2/10）,正常,2025-12-07 00:00:00,2025-12-07 08:30:00,2026-01-04 12:40:00,12,8,香港国际教育旺角留学考试中心,香港国际教育旺角留学考试中心,寒假,2026,20263,2026,2026,2025,202512,2026,20263,202607,寒假,寒假,30499.848,22874.89,22874.89,,7624.962,22874.89,0,22874.89,0,12,960,720,720,240,6,6,报名,DSE英语全程班,小班,10100,班课
NULL,1248,香港国际教育,30,国外考试部,英联邦项目部,NULL,未归类,未归类,国外考试部,常规体系,DSE,未归类,英语,未归类,未归类,出国读本科,"初中生,高中生",非标项目（英联邦）,HKTA001E,同步辅导课程（基础5/10）,正常,2026-01-06 00:00:00,2026-01-06 17:20:00,2026-01-29 19:20:00,12,10,香港国际教育旺角留学考试中心,香港国际教育旺角留学考试中心,寒假,2026,20263,2026,2026,2026,202602,2026,20263,202609,寒假,寒假,30208.68,-2638.71,30208.68,,0,-2638.71,0,30208.68,0,0,960,0,960,0,0,8,报名,DSE英语全程班,小班,10100,班课
NULL,1248,香港国际教育,30,国外考试部,英联邦项目部,NULL,未归类,未归类,国外考试部,常规体系,DSE,未归类,英语,未归类,未归类,出国读本科,"初中生,高中生",非标项目（英联邦）,HKTB004D,同步辅导课程（强化班2/10）,正常,2025-12-07 00:00:00,2025-12-07 08:30:00,2026-01-04 12:40:00,12,8,香港国际教育旺角留学考试中心,香港国际教育旺角留学考试中心,寒假,2026,20263,2026,2026,2026,202601,2026,20263,202608,寒假,寒假,30499.848,7624.96,30499.85,,0,7624.96,0,30499.85,0,4,960,240,960,0,2,8,报名,DSE英语全程班,小班,10100,班课
NULL,1248,香港国际教育,30,国外考试部,英联邦项目部,NULL,未归类,未归类,国外考试部,常规体系,DSE,未归类,英语,未归类,未归类,出国读本科,"初中生,高中生",非标项目（英联邦）,HKDA003E,DSE常规课程（起跑1/6）,正常,2026-01-17 00:00:00,2026-01-17 08:30:00,2026-02-07 12:40:00,12,10,香港国际教育旺角留学考试中心,香港国际教育旺角留学考试中心,寒假,2026,20263,2026,2026,2026,202602,2026,20263,202609,寒假,寒假,37366.5903,6930.44,37366.59,,0,6930.44,0,37366.59,0,4,960,240,960,0,2,8,报名,DSE英语全程班,小班,10100,班课
NULL,1248,香港国际教育,30,国外考试部,英联邦项目部,NULL,未归类,未归类,国外考试部,常规体系,DSE,未归类,英语,未归类,未归类,出国读本科,"初中生,高中生",非标项目（英联邦）,HKDB002E,DSE常规课程（加速5/6）,正常,2026-01-11 00:00:00,2026-01-11 08:30:00,2026-02-01 12:40:00,12,11,香港国际教育旺角留学考试中心,香港国际教育旺角留学考试中心,寒假,2026,20263,2026,2026,2026,202602,2026,20263,202609,寒假,寒假,41928.192,10482.05,41928.19,,0,10482.05,0,41928.19,0,4,960,240,960,0,2,8,报名,DSE英语全程班,小班,10100,班课
NULL,1248,香港国际教育,30,国外考试部,英联邦项目部,NULL,未归类,未归类,国外考试部,常规体系,DSE,未归类,英语,未归类,未归类,出国读本科,"初中生,高中生",非标项目（英联邦）,HKDA003F,续-DSE常规课程（起跑2/6）,正常,2026-02-14 00:00:00,2026-02-14 08:30:00,2026-02-28 12:40:00,12,8,香港国际教育旺角留学考试中心,香港国际教育旺角留学考试中心,寒假,2026,20263,2026,2026,2026,202602,2026,20263,202609,寒假,寒假,12010.68,12010.68,12010.68,,0,12010.68,0,12010.68,0,8,480,480,480,0,4,4,报名,DSE英语全程班,小班,10100,班课
NULL,1248,香港国际教育,30,国外考试部,英联邦项目部,NULL,未归类,未归类,国外考试部,常规体系,DSE,未归类,英语,未归类,未归类,出国读本科,"初中生,高中生",非标项目（英联邦）,HKDA003E,DSE常规课程（起跑1/6）,正常,2026-01-17 00:00:00,2026-01-17 08:30:00,2026-02-07 12:40:00,12,10,香港国际教育旺角留学考试中心,香港国际教育旺角留学考试中心,寒假,2026,20263,2026,2026,2026,202601,2026,20263,202608,寒假,寒假,40581.54,30436.16,30436.16,,10145.385,30436.16,0,30436.16,0,12,960,720,720,240,6,6,报名,DSE英语全程班,小班,10100,班课
NULL,1248,香港国际教育,30,国外考试部,英联邦项目部,NULL,未归类,未归类,国外考试部,常规体系,DSE,未归类,英语,未归类,未归类,出国读本科,"初中生,高中生",非标项目（英联邦）,HKDB002E,DSE常规课程（加速5/6）,正常,2026-01-11 00:00:00,2026-01-11 08:30:00,2026-02-01 12:40:00,12,11,香港国际教育旺角留学考试中心,香港国际教育旺角留学考试中心,寒假,2026,20263,2026,2026,2026,202601,2026,20263,202608,寒假,寒假,41928.192,31446.14,31446.14,,10482.048,31446.14,0,31446.14,0,12,960,720,720,240,6,6,报名,DSE英语全程班,小班,10100,班课
NULL,1248,香港国际教育,30,国外考试部,英联邦项目部,NULL,未归类,未归类,国外考试部,常规体系,DSE,未归类,英语,未归类,未归类,出国读本科,"初中生,高中生",非标项目（英联邦）,HKTA001E,同步辅导课程（基础5/10）,正常,2026-01-06 00:00:00,2026-01-06 17:20:00,2026-01-29 19:20:00,12,10,香港国际教育旺角留学考试中心,香港国际教育旺角留学考试中心,寒假,2026,20263,2026,2026,2026,202601,2026,20263,202608,寒假,寒假,32847.39,32847.39,32847.39,,0,32847.39,0,32847.39,0,16,960,960,960,0,8,8,报名,DSE英语全程班,小班,10100,班课
NULL,1248,香港国际教育,30,国外考试部,英联邦项目部,NULL,未归类,未归类,国外考试部,常规体系,DSE,未归类,英语,未归类,未归类,出国读本科,"初中生,高中生",非标项目（英联邦）,HKDA003F,续-DSE常规课程（起跑2/6）,正常,2026-02-14 00:00:00,2026-02-14 08:30:00,2026-02-28 12:40:00,12,8,香港国际教育旺角留学考试中心,香港国际教育旺角留学考试中心,寒假,2026,20263,2026,2026,2026,202603,2026,20264,202610,寒假,寒假,10918.8,-1091.88,10918.8,,0,-1091.88,0,10918.8,0,0,480,0,480,0,0,4,报名,DSE英语全程班,小班,10100,班课
NULL,1248,香港国际教育,30,国外考试部,英联邦项目部,NULL,未归类,未归类,国外考试部,常规体系,DSE,未归类,英语,未归类,未归类,出国读本科,"初中生,高中生",非标项目（英联邦）,HKDA003E,DSE常规课程（起跑1/6）,正常,2026-01-17 00:00:00,2026-01-17 08:30:00,2026-02-07 12:40:00,12,10,香港国际教育旺角留学考试中心,香港国际教育旺角留学考试中心,寒假,2026,20263,2026,2026,2026,202603,2026,20264,202610,寒假,寒假,36274.7103,-1091.88,36274.71,,0,-1091.88,0,36274.71,0,0,960,0,960,0,0,8,报名,DSE英语全程班,小班,10100,班课
NULL,1248,香港国际教育,30,国外考试部,英联邦项目部,NULL,未归类,未归类,国外考试部,常规体系,IELTS,未归类,"阅读,写作,词汇,听力,口语,语法",未归类,初级,未归类,"初中生,高中生,小学生",IELTS,HKYB001D,雅思常规课程（初级班4/6）,正常,2025-12-06 00:00:00,2025-12-06 14:20:00,2026-01-10 18:30:00,12,9,香港国际教育旺角留学考试中心,香港国际教育旺角留学考试中心,寒假,2026,20263,2026,2026,2025,202512,2026,20263,202607,寒假,寒假,35376.912,17688.46,17688.46,,17688.456,17688.46,0,17688.46,0,8,960,480,480,480,4,4,报名,雅思直通车初级课程,小班,10100,班课
NULL,1248,香港国际教育,30,国外考试部,英联邦项目部,NULL,未归类,未归类,国外考试部,常规体系,IELTS,未归类,"阅读,写作,词汇,听力,口语,语法",未归类,初级,未归类,"初中生,高中生,小学生",IELTS,HKYB001D,雅思常规课程（初级班4/6）,正常,2025-12-06 00:00:00,2025-12-06 14:20:00,2026-01-10 18:30:00,12,9,香港国际教育旺角留学考试中心,香港国际教育旺角留学考试中心,寒假,2026,20263,2026,2026,2026,202602,2026,20263,202609,寒假,寒假,33520.716,1091.88,33520.72,,0,1091.88,0,33520.72,0,0,960,0,960,0,0,8,报名,雅思直通车初级课程,小班,10100,班课
NULL,1248,香港国际教育,30,国外考试部,英联邦项目部,NULL,未归类,未归类,国外考试部,常规体系,IELTS,未归类,"阅读,写作,词汇,听力,口语,语法",未归类,初级,未归类,"初中生,高中生,小学生",IELTS,HKYB001E,雅思常规课程（初级班5/6）,正常,2026-01-17 00:00:00,2026-01-17 14:20:00,2026-02-07 18:30:00,12,9,香港国际教育旺角留学考试中心,香港国际教育旺角留学考试中心,寒假,2026,20263,2026,2026,2026,202602,2026,20263,202609,寒假,寒假,34703.586,7891.11,34703.59,,0,7891.11,0,34703.59,0,4,960,240,960,0,2,8,报名,雅思直通车初级课程,小班,10100,班课
NULL,1248,香港国际教育,30,国外考试部,英联邦项目部,NULL,未归类,未归类,国外考试部,常规体系,IELTS,未归类,"阅读,写作,词汇,听力,口语,语法",未归类,初级,未归类,"初中生,高中生,小学生",IELTS,HKYB001D,雅思常规课程（初级班4/6）,正常,2025-12-06 00:00:00,2025-12-06 14:20:00,2026-01-10 18:30:00,12,9,香港国际教育旺角留学考试中心,香港国际教育旺角留学考试中心,寒假,2026,20263,2026,2026,2026,202601,2026,20263,202608,寒假,寒假,32428.836,14740.38,32428.84,,0,14740.38,0,32428.84,0,8,960,480,960,0,4,8,报名,雅思直通车初级课程,小班,10100,班课
NULL,1248,香港国际教育,30,国外考试部,英联邦项目部,NULL,未归类,未归类,国外考试部,常规体系,IELTS,未归类,"阅读,写作,词汇,听力,口语,语法",未归类,初级,未归类,"初中生,高中生,小学生",IELTS,HKYB001E,雅思常规课程（初级班5/6）,正常,2026-01-17 00:00:00,2026-01-17 14:20:00,2026-02-07 18:30:00,12,9,香港国际教育旺角留学考试中心,香港国际教育旺角留学考试中心,寒假,2026,20263,2026,2026,2026,202601,2026,20263,202608,寒假,寒假,35749.971,26812.48,26812.48,,8937.4928,26812.48,0,26812.48,0,12,960,720,720,240,6,6,报名,雅思直通车初级课程,小班,10100,班课
NULL,1248,香港国际教育,30,国外考试部,英联邦项目部,NULL,未归类,未归类,国外考试部,常规体系,IELTS,未归类,"阅读,写作,词汇,听力,口语,语法",未归类,初级,未归类,"初中生,高中生,小学生",IELTS,HKYB001E,雅思常规课程（初级班5/6）,正常,2026-01-17 00:00:00,2026-01-17 14:20:00,2026-02-07 18:30:00,12,9,香港国际教育旺角留学考试中心,香港国际教育旺角留学考试中心,寒假,2026,20263,2026,2026,2026,202603,2026,20264,202610,寒假,寒假,32610.816,-2092.77,32610.82,,0,-2092.77,0,32610.82,0,0,960,0,960,0,0,8,报名,雅思直通车初级课程,小班,10100,班课
NULL,1248,香港国际教育,30,国外考试部,英联邦项目部,NULL,未归类,未归类,国外考试部,常规体系,IELTS,未归类,"阅读,写作,词汇,听力,口语,语法",未归类,初级,未归类,"初中生,高中生,小学生",IELTS,HKYB001D,雅思常规课程（初级班4/6）,正常,2025-12-06 00:00:00,2025-12-06 14:20:00,2026-01-10 18:30:00,12,9,香港国际教育旺角留学考试中心,香港国际教育旺角留学考试中心,寒假,2026,20263,2026,2026,2026,202603,2026,20264,202610,寒假,寒假,32538.024,-982.69,32538.02,,0,-982.69,0,32538.02,0,0,960,0,960,0,0,8,报名,雅思直通车初级课程,小班,10100,班课
NULL,1248,香港国际教育,30,国外考试部,英联邦项目部,NULL,未归类,未归类,国外考试部,常规体系,DSE,未归类,英语,未归类,未归类,出国读本科,"初中生,高中生",非标项目（英联邦）,HKTA002G,同步辅导课程（基础）,正常,2026-03-06 00:00:00,2026-03-06 17:20:00,2026-03-28 19:20:00,12,9,香港国际教育旺角留学考试中心,香港国际教育旺角留学考试中心,"春季,暑假,秋季,寒假",2026,20264,2026,2026,2026,202603,2026,20264,202610,春季,春季,31482.54,31482.54,31482.54,,0,31482.54,0,31482.54,0,16,960,960,960,0,8,8,报名,DSE英语全程班,小班,10100,班课
NULL,1248,香港国际教育,30,国外考试部,英联邦项目部,NULL,未归类,未归类,国外考试部,常规体系,DSE,未归类,英语,未归类,未归类,出国读本科,"初中生,高中生",非标项目（英联邦）,HKDA004A,DSE常规课程（起跑16/96）,正常,2026-03-07 00:00:00,2026-03-07 14:20:00,2026-03-28 18:30:00,12,11,香港国际教育旺角留学考试中心,香港国际教育旺角留学考试中心,"春季,暑假,秋季,寒假",2026,20264,2026,2026,2026,202603,2026,20264,202610,春季,春季,40467.8025,40467.8,40467.8,,0,40467.8,0,40467.8,0,16,960,960,960,0,8,8,报名,DSE英语全程班,小班,10100,班课
NULL,1248,香港国际教育,30,国外考试部,英联邦项目部,NULL,未归类,未归类,国外考试部,常规体系,IELTS,未归类,"阅读,写作,词汇,听力,口语,语法",未归类,初级,未归类,"初中生,高中生,小学生",IELTS,HKYB001G,续-雅思常规课程（初级班96/96）,正常,2026-03-07 00:00:00,2026-03-07 09:00:00,2026-03-14 18:30:00,12,8,香港国际教育旺角留学考试中心,香港国际教育旺角留学考试中心,春季,2026,20264,2026,2026,2026,202603,2026,20264,202610,春季,春季,16487.388,16487.39,16487.39,,0,16487.39,0,16487.39,0,11,660,660,660,0,5,5,报名,雅思直通车初级课程,小班,10100,班课
NULL,1248,香港国际教育,30,国外考试部,英联邦项目部,NULL,未归类,未归类,国外考试部,常规体系,DSE,未归类,英语,未归类,未归类,出国读本科,"初中生,高中生",非标项目（英联邦）,HKDB002D,DSE常规课程（加速班4/6）,正常,2025-12-07 00:00:00,2025-12-07 08:30:00,2026-01-04 12:40:00,12,11,香港国际教育旺角留学考试中心,香港国际教育旺角留学考试中心,寒假,2026,20263,2026,2026,2025,202512,2026,20263,202607,寒假,寒假,41091.084,30818.31,30818.31,,10272.771,30818.31,0,30818.31,0,12,960,720,720,240,6,6,报名,DSE英语全程班,小班,10100,班课
NULL,1248,香港国际教育,30,国外考试部,英联邦项目部,NULL,未归类,未归类,国外考试部,常规体系,DSE,未归类,英语,未归类,未归类,出国读本科,"初中生,高中生",非标项目（英联邦）,HKTA001D,同步辅导课程（基础班4/10）,正常,2025-12-02 00:00:00,2025-12-02 17:20:00,2028-01-01 19:20:00,12,2,香港国际教育旺角留学考试中心,香港国际教育旺角留学考试中心,寒假,2026,20263,2026,2026,2025,202512,2026,20263,202607,寒假,寒假,18016.02,15764.02,15764.02,,2252.0025,15764.02,0,15764.02,0,14,960,840,840,120,7,7,报名,DSE英语全程班,小班,10100,班课
NULL,1248,香港国际教育,30,国外考试部,英联邦项目部,NULL,未归类,未归类,国外考试部,常规体系,DSE,未归类,英语,未归类,未归类,出国读本科,"初中生,高中生",非标项目（英联邦）,HKDB002D,DSE常规课程（加速班4/6）,正常,2025-12-07 00:00:00,2025-12-07 08:30:00,2026-01-04 12:40:00,12,11,香港国际教育旺角留学考试中心,香港国际教育旺角留学考试中心,寒假,2026,20263,2026,2026,2026,202602,2026,20263,202609,寒假,寒假,40108.392,-982.69,40108.39,,0,-982.69,0,40108.39,0,0,960,0,960,0,0,8,报名,DSE英语全程班,小班,10100,班课
NULL,1248,香港国际教育,30,国外考试部,英联邦项目部,NULL,未归类,未归类,国外考试部,常规体系,DSE,未归类,英语,未归类,未归类,出国读本科,"初中生,高中生",非标项目（英联邦）,HKDB002D,DSE常规课程（加速班4/6）,正常,2025-12-07 00:00:00,2025-12-07 08:30:00,2026-01-04 12:40:00,12,11,香港国际教育旺角留学考试中心,香港国际教育旺角留学考试中心,寒假,2026,20263,2026,2026,2026,202601,2026,20263,202608,寒假,寒假,41091.084,10272.77,41091.08,,0,10272.77,0,41091.08,0,4,960,240,960,0,2,8,报名,DSE英语全程班,小班,10100,班课
NULL,1248,香港国际教育,30,国外考试部,英联邦项目部,NULL,未归类,未归类,国外考试部,常规体系,DSE,未归类,英语,未归类,未归类,出国读本科,"初中生,高中生",非标项目（英联邦）,HKDB002F,续-DSE常规课程（加速84/96）,正常,2026-02-08 00:00:00,2026-02-08 08:30:00,2026-02-08 12:40:00,12,8,香港国际教育旺角留学考试中心,香港国际教育旺角留学考试中心,寒假,2026,20263,2026,2026,2026,202602,2026,20263,202609,寒假,寒假,9390.168,9390.17,9390.17,,0,9390.17,0,9390.17,0,4,240,240,240,0,2,2,报名,DSE英语全程班,小班,10100,班课
NULL,1248,香港国际教育,30,国外考试部,英联邦项目部,NULL,未归类,未归类,国外考试部,常规体系,DSE,未归类,英语,未归类,未归类,出国读本科,"初中生,高中生",非标项目（英联邦）,HKDA001F,续-DSE常规课程（起跑88/96）,正常,2026-02-14 00:00:00,2026-02-14 14:20:00,2026-02-28 18:30:00,12,8,香港国际教育旺角留学考试中心,香港国际教育旺角留学考试中心,寒假,2026,20263,2026,2026,2026,202602,2026,20263,202609,寒假,寒假,17506.476,17506.48,17506.48,,0,17506.48,0,17506.48,0,8,480,480,480,0,4,4,报名,DSE英语全程班,小班,10100,班课
NULL,1248,香港国际教育,30,国外考试部,英联邦项目部,NULL,未归类,未归类,国外考试部,常规体系,DSE,未归类,英语,未归类,未归类,出国读本科,"初中生,高中生",非标项目（英联邦）,HKTB001F,续-同步辅导课程（强化6/10）,正常,2026-02-04 00:00:00,2026-02-04 17:20:00,2026-02-27 19:20:00,12,12,香港国际教育旺角留学考试中心,香港国际教育旺角留学考试中心,寒假,2026,20263,2026,2026,2026,202602,2026,20263,202609,寒假,寒假,32726.0093,32726.01,32726.01,,0,32726.01,0,32726.01,0,12,720,720,720,0,6,6,报名,DSE英语全程班,小班,10100,班课
NULL,1248,香港国际教育,30,国外考试部,英联邦项目部,NULL,未归类,未归类,国外考试部,常规体系,DSE,未归类,英语,未归类,未归类,出国读本科,"初中生,高中生",非标项目（英联邦）,HKDB002F,续-DSE常规课程（加速84/96）,正常,2026-02-08 00:00:00,2026-02-08 08:30:00,2026-02-08 12:40:00,12,8,香港国际教育旺角留学考试中心,香港国际教育旺角留学考试中心,寒假,2026,20263,2026,2026,2026,202603,2026,20264,202610,寒假,寒假,8298.288,-1091.88,8298.29,,0,-1091.88,0,8298.29,0,0,240,0,240,0,0,2,报名,DSE英语全程班,小班,10100,班课
NULL,1248,香港国际教育,30,国外考试部,英联邦项目部,NULL,未归类,未归类,国外考试部,常规体系,DSE,未归类,英语,未归类,未归类,出国读本科,"初中生,高中生",非标项目（英联邦）,HKDA001F,续-DSE常规课程（起跑88/96）,正常,2026-02-14 00:00:00,2026-02-14 14:20:00,2026-02-28 18:30:00,12,8,香港国际教育旺角留学考试中心,香港国际教育旺角留学考试中心,寒假,2026,20263,2026,2026,2026,202603,2026,20264,202610,寒假,寒假,14321.826,-3184.65,14321.83,,0,-3184.65,0,14321.83,0,0,480,0,480,0,0,4,报名,DSE英语全程班,小班,10100,班课
NULL,1248,香港国际教育,30,国外考试部,英联邦项目部,NULL,未归类,未归类,国外考试部,常规体系,DSE,未归类,英语,未归类,未归类,出国读本科,"初中生,高中生",非标项目（英联邦）,HKTB001F,续-同步辅导课程（强化6/10）,正常,2026-02-04 00:00:00,2026-02-04 17:20:00,2026-02-27 19:20:00,12,12,香港国际教育旺角留学考试中心,香港国际教育旺角留学考试中心,寒假,2026,20263,2026,2026,2026,202603,2026,20264,202610,寒假,寒假,27023.939,-5702.07,27023.94,,0,-5702.07,0,27023.94,0,0,720,0,720,0,0,6,报名,DSE英语全程班,小班,10100,班课
NULL,1248,香港国际教育,30,国外考试部,英联邦项目部,NULL,未归类,未归类,国外考试部,常规体系,IELTS,未归类,"阅读,写作,词汇,听力,口语,语法",未归类,中级,未归类,"初中生,高中生,小学生",IELTS,HKYC001E,雅思常规课程（中级班5/6）,正常,2026-01-10 00:00:00,2026-01-10 08:30:00,2026-01-31 12:40:00,12,5,香港国际教育旺角留学考试中心,香港国际教育旺角留学考试中心,寒假,2026,20263,2026,2026,2026,202601,2026,20263,202608,寒假,寒假,18698.445,18698.45,18698.45,,0,18698.45,0,18698.45,0,16,960,960,960,0,8,8,报名,雅思直通车中级课程,小班,10100,班课
NULL,1248,香港国际教育,30,国外考试部,英联邦项目部,NULL,未归类,未归类,国外考试部,常规体系,IELTS,未归类,"阅读,写作,词汇,听力,口语,语法",未归类,初级,未归类,"初中生,高中生,小学生",IELTS,HKYB002E,雅思常规课程（初级班3/6）,正常,2026-01-10 00:00:00,2026-01-10 08:30:00,2026-01-31 12:40:00,12,6,香港国际教育旺角留学考试中心,香港国际教育旺角留学考试中心,寒假,2026,20263,2026,2026,2026,202602,2026,20263,202609,寒假,寒假,20927.7,-1046.39,20927.7,,0,-1046.39,0,20927.7,0,0,960,0,960,0,0,8,报名,雅思直通车初级课程,小班,10100,班课
NULL,1248,香港国际教育,30,国外考试部,英联邦项目部,NULL,未归类,未归类,国外考试部,常规体系,IELTS,未归类,"阅读,写作,词汇,听力,口语,语法",未归类,初级,未归类,"初中生,高中生,小学生",IELTS,HKYB002E,雅思常规课程（初级班3/6）,正常,2026-01-10 00:00:00,2026-01-10 08:30:00,2026-01-31 12:40:00,12,6,香港国际教育旺角留学考试中心,香港国际教育旺角留学考试中心,寒假,2026,20263,2026,2026,2026,202601,2026,20263,202608,寒假,寒假,21974.085,21974.09,21974.09,,0,21974.09,0,21974.09,0,16,960,960,960,0,8,8,报名,雅思直通车初级课程,小班,10100,班课
NULL,1248,香港国际教育,30,国外考试部,英联邦项目部,NULL,未归类,未归类,国外考试部,常规体系,IELTS,未归类,"阅读,写作,词汇,听力,口语,语法",未归类,中级,未归类,"初中生,高中生,小学生",IELTS,HKYC001E,雅思常规课程（中级班5/6）,正常,2026-01-10 00:00:00,2026-01-10 08:30:00,2026-01-31 12:40:00,12,5,香港国际教育旺角留学考试中心,香港国际教育旺角留学考试中心,寒假,2026,20263,2026,2026,2026,202603,2026,20264,202610,寒假,寒假,16605.675,-2092.77,16605.68,,0,-2092.77,0,16605.68,0,0,960,0,960,0,0,8,报名,雅思直通车中级课程,小班,10100,班课
NULL,1248,香港国际教育,30,国外考试部,英联邦项目部,NULL,未归类,未归类,国外考试部,常规体系,IELTS,未归类,"阅读,写作,词汇,听力,口语,语法",未归类,中级,未归类,"初中生,高中生,小学生",IELTS,HKYC001G,"	 续-雅思常规课程（中级班96/96）",正常,2026-03-07 00:00:00,2026-03-07 08:30:00,2026-03-28 17:00:00,12,1,香港国际教育旺角留学考试中心,香港国际教育旺角留学考试中心,寒假,2026,20264,2026,2026,2026,202603,2026,20264,202610,寒假,寒假,8371.08,8371.08,8371.08,,0,8371.08,0,8371.08,0,19,1140,1140,1140,0,9,9,报名,雅思直通车中级课程,小班,10100,班课
NULL,1248,香港国际教育,30,国外考试部,英联邦项目部,NULL,未归类,未归类,国外考试部,常规体系,DSE,未归类,英语,未归类,未归类,出国读本科,"初中生,高中生",非标项目（英联邦）,HKDB002G,续-DSE常规课程（加速96/96）,正常,2026-03-01 00:00:00,2026-03-01 08:30:00,2026-03-15 12:40:00,12,10,香港国际教育旺角留学考试中心,香港国际教育旺角留学考试中心,春季,2026,20264,2026,2026,2026,202603,2026,20264,202610,春季,春季,29323.0743,29323.07,29323.07,,0,29323.07,0,29323.07,0,15,900,900,900,0,7,7,报名,DSE英语全程班,小班,10100,班课
NULL,1248,香港国际教育,30,国外考试部,英联邦项目部,NULL,未归类,未归类,国外考试部,常规体系,DSE,未归类,英语,未归类,未归类,出国读本科,"初中生,高中生",非标项目（英联邦）,HKTB004G,续-同步辅导课程（强化5/10）,正常,2026-03-01 00:00:00,2026-03-01 08:30:00,2026-03-29 12:40:00,12,11,香港国际教育旺角留学考试中心,香港国际教育旺角留学考试中心,春季,2026,20264,2026,2026,2026,202603,2026,20264,202610,春季,春季,50999.895,50999.9,50999.9,,0,50999.9,0,50999.9,0,20,1200,1200,1200,0,10,10,报名,DSE英语全程班,小班,10100,班课
NULL,1248,香港国际教育,30,国外考试部,英联邦项目部,NULL,未归类,未归类,国外考试部,常规体系,DSE,未归类,英语,未归类,未归类,出国读本科,"初中生,高中生",非标项目（英联邦）,HKTC001G,续-同步辅导课程（培优5/10）,正常,2026-03-07 00:00:00,2026-03-07 14:20:00,2026-03-28 18:30:00,12,10,香港国际教育旺角留学考试中心,香港国际教育旺角留学考试中心,"春季,暑假,秋季,寒假",2026,20264,2026,2026,2026,202603,2026,20264,202610,春季,春季,42264.855,42264.86,42264.86,,0,42264.86,0,42264.86,0,16,960,960,960,0,8,8,报名,DSE英语全程班,小班,10100,班课
NULL,1248,香港国际教育,30,国外考试部,英联邦项目部,NULL,未归类,未归类,国外考试部,常规体系,DSE,未归类,英语,未归类,未归类,出国读本科,"初中生,高中生",非标项目（英联邦）,HKTA005G,同步辅导课程（强化）,正常,2026-03-01 00:00:00,2026-03-01 14:20:00,2026-03-29 18:30:00,12,11,香港国际教育旺角留学考试中心,香港国际教育旺角留学考试中心,"春季,暑假,秋季,寒假",2026,20264,2026,2026,2026,202603,2026,20264,202610,春季,春季,41000.094,41000.09,41000.09,,0,41000.09,0,41000.09,0,20,1200,1200,1200,0,10,10,报名,DSE英语全程班,小班,10100,班课
NULL,1248,香港国际教育,30,国外考试部,,2200037560,香港国际教育培训中心,,高中,常规体系,DSE,不区分,英语,,,,,,LP17614649771397,,,,,,,,香港国际教育旺角留学考试中心,香港国际教育旺角留学考试中心,"寒假,春季,暑假,秋季",,,,,2025,202511,2026,20262,202606,,,,1588.89,,,,1588.89,0,,,2,1080,120,240,840,,,高端,,,10202,1对1课时包
NULL,1248,香港国际教育,30,国外考试部,,2200037560,香港国际教育培训中心,,高中,常规体系,DSE,不区分,英语,,,,,,LP17614649771397,,,,,,,,香港国际教育旺角留学考试中心,香港国际教育旺角留学考试中心,"寒假,春季,暑假,秋季",,,,,2025,202511,2026,20262,202606,,,,1588.89,,,,1588.89,0,,,2,1080,120,240,840,,,高端,,,10202,1对1课时包
NULL,1248,香港国际教育,30,国外考试部,,2200037560,香港国际教育培训中心,,高中,常规体系,DSE,不区分,英语,,,,,,LP1761705400132,,,,,,,,香港国际教育旺角留学考试中心,香港国际教育旺角留学考试中心,"寒假,春季,暑假,秋季",,,,,2025,202511,2026,20262,202606,,,,4766.67,,,,4766.67,0,,,6,1080,360,480,600,,,高端,,,10202,1对1课时包
NULL,1248,香港国际教育,30,国外考试部,,2200037560,香港国际教育培训中心,,高中,常规体系,DSE,不区分,英语,,,,,,LP1761705400132,,,,,,,,香港国际教育旺角留学考试中心,香港国际教育旺角留学考试中心,"寒假,春季,暑假,秋季",,,,,2025,202511,2026,20262,202606,,,,1588.89,,,,1588.89,0,,,2,1080,120,480,600,,,高端,,,10202,1对1课时包
NULL,1248,香港国际教育,30,国外考试部,,2200037560,香港国际教育培训中心,,高中,常规体系,DSE,不区分,英语,,,,,,LP17614649771397,,,,,,,,香港国际教育旺角留学考试中心,香港国际教育旺角留学考试中心,"寒假,春季,暑假,秋季",,,,,2025,202512,2026,20263,202607,,,,1588.89,,,,1588.89,0,,,2,1080,120,480,600,,,高端,,,10202,1对1课时包
NULL,1248,香港国际教育,30,国外考试部,,2200037560,香港国际教育培训中心,,高中,常规体系,DSE,不区分,英语,,,,,,LP17614649771397,,,,,,,,香港国际教育旺角留学考试中心,香港国际教育旺角留学考试中心,"寒假,春季,暑假,秋季",,,,,2025,202512,2026,20263,202607,,,,1588.89,,,,1588.89,0,,,2,1080,120,480,600,,,高端,,,10202,1对1课时包
NULL,1248,香港国际教育,30,国外考试部,,2200037560,香港国际教育培训中心,,高中,常规体系,DSE,不区分,英语,,,,,,LP1761705400132,,,,,,,,香港国际教育旺角留学考试中心,香港国际教育旺角留学考试中心,"寒假,春季,暑假,秋季",,,,,2025,202512,2026,20263,202607,,,,3177.78,,,,3177.78,0,,,4,1080,240,840,240,,,高端,,,10202,1对1课时包
NULL,1248,香港国际教育,30,国外考试部,,2200037560,香港国际教育培训中心,,高中,常规体系,DSE,不区分,英语,,,,,,LP1761705400132,,,,,,,,香港国际教育旺角留学考试中心,香港国际教育旺角留学考试中心,"寒假,春季,暑假,秋季",,,,,2025,202512,2026,20263,202607,,,,1588.89,,,,1588.89,0,,,2,1080,120,840,240,,,高端,,,10202,1对1课时包
NULL,1248,香港国际教育,30,国外考试部,,2200037560,香港国际教育培训中心,,高中,常规体系,DSE,不区分,英语,,,,,,LP17644953263934,,,,,,,,香港国际教育旺角留学考试中心,香港国际教育旺角留学考试中心,"寒假,春季,暑假,秋季",,,,,2025,202512,2026,20263,202607,,,,1700,,,,1700,0,,,2,120,120,120,0,,,高端,,,10202,1对1课时包
NULL,1248,香港国际教育,30,国外考试部,,2200037560,香港国际教育培训中心,,高中,常规体系,DSE,不区分,英语,,,,,,LP17614649771397,,,,,,,,香港国际教育旺角留学考试中心,香港国际教育旺角留学考试中心,"寒假,春季,暑假,秋季",,,,,2026,202601,2026,20263,202608,,,,3177.78,,,,3177.78,0,,,4,1080,240,960,120,,,高端,,,10202,1对1课时包
NULL,1248,香港国际教育,30,国外考试部,,2200037560,香港国际教育培训中心,,高中,常规体系,DSE,不区分,英语,,,,,,LP17614649771397,,,,,,,,香港国际教育旺角留学考试中心,香港国际教育旺角留学考试中心,"寒假,春季,暑假,秋季",,,,,2026,202601,2026,20263,202608,,,,3177.78,,,,3177.78,0,,,4,1080,240,960,120,,,高端,,,10202,1对1课时包
NULL,1248,香港国际教育,30,国外考试部,,2200037560,香港国际教育培训中心,,高中,常规体系,DSE,不区分,英语,,,,,,LP1761705400132,,,,,,,,香港国际教育旺角留学考试中心,香港国际教育旺角留学考试中心,"寒假,春季,暑假,秋季",,,,,2026,202602,2026,20263,202609,,,,1588.89,,,,1588.89,0,,,2,1080,120,1080,0,,,高端,,,10202,1对1课时包
NULL,1248,香港国际教育,30,国外考试部,,2200037560,香港国际教育培训中心,,高中,常规体系,DSE,不区分,英语,,,,,,LP1761705400132,,,,,,,,香港国际教育旺角留学考试中心,香港国际教育旺角留学考试中心,"寒假,春季,暑假,秋季",,,,,2026,202602,2026,20263,202609,,,,1588.88,,,,1588.88,0,,,2,1080,120,1080,0,,,高端,,,10202,1对1课时包
NULL,1248,香港国际教育,30,国外考试部,,2200037560,香港国际教育培训中心,,高中,常规体系,IELTS,不区分,听力,,,,,,LP17697722692380,,,,,,,,香港国际教育旺角留学考试中心,香港国际教育旺角留学考试中心,"寒假,春季,暑假,秋季",,,,,2026,202602,2026,20263,202609,,,,1700,,,,1700,0,,,2,720,120,240,480,,,高端,,,10202,1对1课时包
NULL,1248,香港国际教育,30,国外考试部,,2200037560,香港国际教育培训中心,,高中,常规体系,IELTS,不区分,阅读,,,,,,LP17697722692380,,,,,,,,香港国际教育旺角留学考试中心,香港国际教育旺角留学考试中心,"寒假,春季,暑假,秋季",,,,,2026,202602,2026,20263,202609,,,,1700,,,,1700,0,,,2,720,120,240,480,,,高端,,,10202,1对1课时包
NULL,1248,香港国际教育,30,国外考试部,,2200037560,香港国际教育培训中心,,高中,常规体系,IELTS,不区分,写作,,,,,,LP17697722692380,,,,,,,,香港国际教育旺角留学考试中心,香港国际教育旺角留学考试中心,"寒假,春季,暑假,秋季",,,,,2026,202603,2026,20264,202610,,,,1700,,,,1700,0,,,2,720,120,720,0,,,高端,,,10202,1对1课时包
NULL,1248,香港国际教育,30,国外考试部,,2200037560,香港国际教育培训中心,,高中,常规体系,IELTS,不区分,写作,,,,,,LP17697722692380,,,,,,,,香港国际教育旺角留学考试中心,香港国际教育旺角留学考试中心,"寒假,春季,暑假,秋季",,,,,2026,202603,2026,20264,202610,,,,1700,,,,1700,0,,,2,720,120,720,0,,,高端,,,10202,1对1课时包
NULL,1248,香港国际教育,30,国外考试部,,2200037560,香港国际教育培训中心,,高中,常规体系,IELTS,不区分,听力,,,,,,LP17697722692380,,,,,,,,香港国际教育旺角留学考试中心,香港国际教育旺角留学考试中心,"寒假,春季,暑假,秋季",,,,,2026,202603,2026,20264,202610,,,,1700,,,,1700,0,,,2,720,120,720,0,,,高端,,,10202,1对1课时包
NULL,1248,香港国际教育,30,国外考试部,,2200037560,香港国际教育培训中心,,高中,常规体系,IELTS,不区分,阅读,,,,,,LP17697722692380,,,,,,,,香港国际教育旺角留学考试中心,香港国际教育旺角留学考试中心,"寒假,春季,暑假,秋季",,,,,2026,202603,2026,20264,202610,,,,1700,,,,1700,0,,,2,720,120,720,0,,,高端,,,10202,1对1课时包
NULL,1248,香港国际教育,30,国外考试部,英联邦项目部,NULL,未归类,未归类,国外考试部,常规体系,DSE,未归类,英语,未归类,未归类,出国读本科,"初中生,高中生",非标项目（英联邦）,HKTC001E,同步辅导课程（培优3/10）,正常,2026-01-10 00:00:00,2026-01-10 14:20:00,2028-01-01 18:30:00,12,1,香港国际教育旺角留学考试中心,香港国际教育旺角留学考试中心,寒假,2026,20263,2026,2026,2026,202602,2026,20263,202609,寒假,寒假,34130.349,-784.79,25597.76,,8532.5873,-784.79,0,25597.76,0,0,960,0,720,240,0,6,报名,DSE英语全程班,小班,10100,班课
NULL,1248,香港国际教育,30,国外考试部,英联邦项目部,NULL,未归类,未归类,国外考试部,常规体系,DSE,未归类,英语,未归类,未归类,出国读本科,"初中生,高中生",非标项目（英联邦）,HKDA001E,DSE常规课程（起跑5/6）,正常,2026-01-17 00:00:00,2026-01-17 14:20:00,2026-02-07 18:30:00,12,9,香港国际教育旺角留学考试中心,香港国际教育旺角留学考试中心,寒假,2026,20263,2026,2026,2026,202602,2026,20263,202609,寒假,寒假,39858.1695,10783.45,39858.17,,0,10783.45,0,39858.17,0,4,960,240,960,0,2,8,报名,DSE英语全程班,小班,10100,班课
NULL,1248,香港国际教育,30,国外考试部,英联邦项目部,NULL,未归类,未归类,国外考试部,常规体系,DSE,未归类,英语,未归类,未归类,出国读本科,"初中生,高中生",非标项目（英联邦）,HKDB004F,续-DSE常规课程（加速2/6）,正常,2026-02-14 00:00:00,2026-02-14 14:20:00,2026-02-28 18:30:00,12,8,香港国际教育旺角留学考试中心,香港国际教育旺角留学考试中心,寒假,2026,20263,2026,2026,2026,202602,2026,20263,202609,寒假,寒假,12920.58,12920.58,12920.58,,0,12920.58,0,12920.58,0,8,480,480,480,0,4,4,报名,DSE英语全程班,小班,10100,班课
NULL,1248,香港国际教育,30,国外考试部,英联邦项目部,NULL,未归类,未归类,国外考试部,常规体系,DSE,未归类,英语,未归类,未归类,出国读本科,"初中生,高中生",非标项目（英联邦）,HKTC001E,同步辅导课程（培优3/10）,正常,2026-01-10 00:00:00,2026-01-10 14:20:00,2028-01-01 18:30:00,12,1,香港国际教育旺角留学考试中心,香港国际教育旺角留学考试中心,寒假,2026,20263,2026,2026,2026,202601,2026,20263,202608,寒假,寒假,35176.734,26382.55,26382.55,,8794.1835,26382.55,0,26382.55,0,12,960,720,720,240,6,6,报名,DSE英语全程班,小班,10100,班课
NULL,1248,香港国际教育,30,国外考试部,英联邦项目部,NULL,未归类,未归类,国外考试部,常规体系,DSE,未归类,英语,未归类,未归类,出国读本科,"初中生,高中生",非标项目（英联邦）,HKDA001E,DSE常规课程（起跑5/6）,正常,2026-01-17 00:00:00,2026-01-17 14:20:00,2026-02-07 18:30:00,12,9,香港国际教育旺角留学考试中心,香港国际教育旺角留学考试中心,寒假,2026,20263,2026,2026,2026,202601,2026,20263,202608,寒假,寒假,38766.2895,29074.72,29074.72,,9691.5724,29074.72,0,29074.72,0,12,960,720,720,240,6,6,报名,DSE英语全程班,小班,10100,班课
NULL,1248,香港国际教育,30,国外考试部,英联邦项目部,NULL,未归类,未归类,国外考试部,常规体系,DSE,未归类,英语,未归类,未归类,出国读本科,"初中生,高中生",非标项目（英联邦）,HKTC001E,同步辅导课程（培优3/10）,正常,2026-01-10 00:00:00,2026-01-10 14:20:00,2028-01-01 18:30:00,12,1,香港国际教育旺角留学考试中心,香港国际教育旺角留学考试中心,寒假,2026,20263,2026,2026,2026,202603,2026,20264,202610,寒假,寒假,32037.579,-1569.58,24028.18,,8009.3948,-1569.58,0,24028.18,0,0,960,0,720,240,0,6,报名,DSE英语全程班,小班,10100,班课
NULL,1248,香港国际教育,30,国外考试部,英联邦项目部,NULL,未归类,未归类,国外考试部,常规体系,DSE,未归类,英语,未归类,未归类,出国读本科,"初中生,高中生",非标项目（英联邦）,HKDB004F,续-DSE常规课程（加速2/6）,正常,2026-02-14 00:00:00,2026-02-14 14:20:00,2026-02-28 18:30:00,12,8,香港国际教育旺角留学考试中心,香港国际教育旺角留学考试中心,寒假,2026,20263,2026,2026,2026,202603,2026,20264,202610,寒假,寒假,8644.05,-4276.53,8644.05,,0,-4276.53,0,8644.05,0,0,480,0,480,0,0,4,报名,DSE英语全程班,小班,10100,班课
NULL,1248,香港国际教育,30,国外考试部,英联邦项目部,NULL,未归类,未归类,国外考试部,常规体系,IELTS,未归类,"阅读,写作,词汇,听力,口语,语法",未归类,中级,未归类,"初中生,高中生,小学生",IELTS,HKYC002D,雅思常规课程（中级班2/6）,正常,2025-12-07 00:00:00,2025-12-07 08:30:00,2026-01-11 12:40:00,12,12,香港国际教育旺角留学考试中心,香港国际教育旺角留学考试中心,寒假,2026,20263,2026,2026,2025,202512,2026,20263,202607,寒假,寒假,40909.104,20454.55,20454.55,,20454.552,20454.55,0,20454.55,0,8,960,480,480,480,4,4,报名,雅思直通车中级课程,小班,10100,班课
NULL,1248,香港国际教育,30,国外考试部,英联邦项目部,NULL,未归类,未归类,国外考试部,常规体系,IELTS,未归类,"阅读,写作,词汇,听力,口语,语法",未归类,中级,未归类,"初中生,高中生,小学生",IELTS,HKYC002D,雅思常规课程（中级班2/6）,正常,2025-12-07 00:00:00,2025-12-07 08:30:00,2026-01-11 12:40:00,12,12,香港国际教育旺角留学考试中心,香港国际教育旺角留学考试中心,寒假,2026,20263,2026,2026,2026,202601,2026,20263,202608,寒假,寒假,42000.984,21546.43,42000.98,,0,21546.43,0,42000.98,0,8,960,480,960,0,4,8,报名,雅思直通车中级课程,小班,10100,班课
NULL,1248,香港国际教育,30,国外考试部,,2200037560,香港国际教育培训中心,,高中,常规体系,DSE,不区分,英语,,,,,,LP17568068591359,,,,,,,,香港国际教育旺角留学考试中心,香港国际教育旺角留学考试中心,"寒假,春季,暑假,秋季",,,,,2025,202509,2026,20262,202604,,,,0,,,,0,0,,,6,960,360,840,120,,,高端,,,10202,1对1课时包
NULL,1248,香港国际教育,30,国外考试部,,2200037560,香港国际教育培训中心,,高中,常规体系,DSE,不区分,英语,,,,,,LP17568068591359,,,,,,,,香港国际教育旺角留学考试中心,香港国际教育旺角留学考试中心,"寒假,春季,暑假,秋季",,,,,2025,202509,2026,20262,202604,,,,0,,,,0,0,,,4,960,240,840,120,,,高端,,,10202,1对1课时包
NULL,1248,香港国际教育,30,国外考试部,,2200037560,香港国际教育培训中心,,高中,常规体系,DSE,不区分,英语,,,,,,LP17568068591359,,,,,,,,香港国际教育旺角留学考试中心,香港国际教育旺角留学考试中心,"寒假,春季,暑假,秋季",,,,,2025,202509,2026,20262,202604,,,,0,,,,0,0,,,4,960,240,840,120,,,高端,,,10202,1对1课时包
NULL,1248,香港国际教育,30,国外考试部,,2200037560,香港国际教育培训中心,,高中,常规体系,DSE,不区分,英语,,,,,,LP17568068591359,,,,,,,,香港国际教育旺角留学考试中心,香港国际教育旺角留学考试中心,"寒假,春季,暑假,秋季",,,,,2026,202601,2026,20263,202608,,,,0,,,,0,0,,,2,960,120,960,0,,,高端,,,10202,1对1课时包
NULL,1248,香港国际教育,30,国外考试部,英联邦项目部,NULL,未归类,未归类,国外考试部,常规体系,DSE,未归类,英语,未归类,未归类,出国读本科,"初中生,高中生",非标项目（英联邦）,HKTC001D,同步辅导课程（培优班2/10）,正常,2025-12-06 00:00:00,2025-12-06 14:20:00,2026-01-03 18:30:00,12,12,香港国际教育旺角留学考试中心,香港国际教育旺角留学考试中心,寒假,2026,20263,2026,2026,2025,202512,2026,20263,202607,寒假,寒假,39062.007,29296.51,29296.51,,9765.5018,29296.51,0,29296.51,0,12,960,720,720,240,6,6,报名,DSE英语全程班,小班,10100,班课
NULL,1248,香港国际教育,30,国外考试部,英联邦项目部,NULL,未归类,未归类,国外考试部,常规体系,DSE,未归类,英语,未归类,未归类,出国读本科,"初中生,高中生",非标项目（英联邦）,HKTC001D,同步辅导课程（培优班2/10）,正常,2025-12-06 00:00:00,2025-12-06 14:20:00,2026-01-03 18:30:00,12,12,香港国际教育旺角留学考试中心,香港国际教育旺角留学考试中心,寒假,2026,20263,2026,2026,2026,202601,2026,20263,202608,寒假,寒假,39171.195,9874.69,39171.2,,0,9874.69,0,39171.2,0,4,960,240,960,0,2,8,报名,DSE英语全程班,小班,10100,班课
NULL,1248,香港国际教育,30,国外考试部,英联邦项目部,NULL,未归类,未归类,国外考试部,常规体系,DSE,未归类,英语,未归类,未归类,出国读本科,"初中生,高中生",非标项目（英联邦）,HKTBJ001M,同步辅导课程（强化）,正常,2025-08-06 00:00:00,2025-08-06 14:20:00,2025-08-30 16:20:00,12,6,香港国际教育旺角留学考试中心,香港国际教育旺角留学考试中心,暑假,2026,20261,2026,2026,2025,202508,2026,20261,202603,暑假,暑假,29535.84,29535.84,29535.84,,0,29535.84,0,29535.84,0,19,1140,1140,1140,0,9,9,报名,DSE英语全程班,小班,10100,班课
NULL,1248,香港国际教育,30,国外考试部,英联邦项目部,NULL,未归类,未归类,国外考试部,常规体系,DSE,未归类,英语,未归类,未归类,出国读本科,"初中生,高中生",非标项目（英联邦）,HKDBJ001,暑期DSE集训课程,正常,2025-08-11 00:00:00,2025-08-11 08:30:00,2025-08-29 18:30:00,12,4,香港国际教育旺角留学考试中心,香港国际教育旺角留学考试中心,暑假,2026,20261,2026,2026,2025,202508,2026,20261,202603,暑假,暑假,83046.76,83046.76,83046.76,,0,83046.76,0,83046.76,0,64,3840,3840,3840,0,32,32,报名,DSE英语全程班,小班,10100,班课
NULL,1248,香港国际教育,30,国外考试部,英联邦项目部,NULL,未归类,未归类,国外考试部,常规体系,DSE,未归类,英语,未归类,未归类,出国读本科,"初中生,高中生",非标项目（英联邦）,HKDBJ001,暑期DSE集训课程,正常,2025-08-11 00:00:00,2025-08-11 08:30:00,2025-08-29 18:30:00,12,4,香港国际教育旺角留学考试中心,香港国际教育旺角留学考试中心,暑假,2026,20261,2026,2026,2025,202509,2026,20262,202604,暑假,暑假,80216.18,-2958.12,80216.18,,0,-2958.12,0,80216.18,0,0,3840,0,3840,0,0,32,报名,DSE英语全程班,小班,10100,班课
NULL,1248,香港国际教育,30,国外考试部,英联邦项目部,NULL,未归类,未归类,国外考试部,常规体系,DSE,未归类,英语,未归类,未归类,出国读本科,"初中生,高中生",非标项目（英联邦）,HKDBJ001,暑期DSE集训课程,正常,2025-08-11 00:00:00,2025-08-11 08:30:00,2025-08-29 18:30:00,12,4,香港国际教育旺角留学考试中心,香港国际教育旺角留学考试中心,暑假,2026,20261,2026,2026,2025,202511,2026,20262,202606,暑假,暑假,16749.828,-63404.85,16749.83,,0,-63404.85,0,16749.83,0,0,3840,0,3840,0,0,32,报名,DSE英语全程班,小班,10100,班课
NULL,1248,香港国际教育,30,国外考试部,英联邦项目部,NULL,未归类,未归类,国外考试部,常规体系,DSE,未归类,英语,未归类,未归类,出国读本科,"初中生,高中生",非标项目（英联邦）,HKDBJ001,暑期DSE集训课程,正常,2025-08-11 00:00:00,2025-08-11 08:30:00,2025-08-29 18:30:00,12,4,香港国际教育旺角留学考试中心,香港国际教育旺角留学考试中心,暑假,2026,20261,2026,2026,2026,202603,2026,20264,202610,暑假,暑假,4913.46,-11792.3,4913.46,,0,-11792.3,0,4913.46,0,0,3840,0,3840,0,0,32,报名,DSE英语全程班,小班,10100,班课
NULL,1248,香港国际教育,30,国外考试部,英联邦项目部,NULL,未归类,未归类,国外考试部,常规体系,DSE,未归类,英语,未归类,未归类,出国读本科,"初中生,高中生",非标项目（英联邦）,HKTA001C,同步辅导课程（基础）,正常,2025-11-04 00:00:00,2025-11-04 17:20:00,2025-11-27 19:20:00,12,10,香港国际教育旺角留学考试中心,香港国际教育旺角留学考试中心,秋季,2026,20262,2026,2026,2025,202511,2026,20262,202606,秋季,秋季,22497.318,22497.32,22497.32,,0,22497.32,0,22497.32,0,16,960,960,960,0,8,8,报名,DSE英语全程班,小班,10100,班课
NULL,1248,香港国际教育,30,国外考试部,英联邦项目部,NULL,未归类,未归类,国外考试部,常规体系,DSE,未归类,英语,未归类,未归类,出国读本科,"初中生,高中生",非标项目（英联邦）,HKTA001C,同步辅导课程（基础）,正常,2025-11-04 00:00:00,2025-11-04 17:20:00,2025-11-27 19:20:00,12,10,香港国际教育旺角留学考试中心,香港国际教育旺角留学考试中心,秋季,2026,20262,2026,2026,2025,202512,2026,20263,202607,秋季,秋季,21400.848,-1037.29,21400.85,,0,-1037.29,0,21400.85,0,0,960,0,960,0,0,8,报名,DSE英语全程班,小班,10100,班课
NULL,1248,香港国际教育,30,国外考试部,英联邦项目部,NULL,未归类,未归类,国外考试部,计费体系,JF6,未归类,"阅读,写作,听力,口语",未归类,未归类,未归类,"初中生,高中生,研究生及以上,在职,小学生,本科生",非标项目（英联邦）,BMF001,英联邦其他费用（500元择校）,正常,2025-07-31 00:00:00,2025-07-31 09:00:00,2025-07-31 10:00:00,12,1,香港国际教育旺角留学考试中心,香港国际教育旺角留学考试中心,暑假,2026,20261,2026,2026,2025,202507,2026,20261,202602,暑假,暑假,455.4,455.4,455.4,,0,455.4,0,455.4,0,1,60,60,60,0,1,1,报名,英联邦其他费用,小班,10100,班课
NULL,1248,香港国际教育,30,国外考试部,英联邦项目部,NULL,未归类,未归类,国外考试部,常规体系,DSE,未归类,英语,未归类,未归类,出国读本科,"初中生,高中生",非标项目（英联邦）,HKDA001B,DSE常规课程（起跑-纯线上班-续）,正常,2025-10-04 00:00:00,2025-10-04 14:20:00,2025-10-25 18:30:00,12,12,香港国际教育旺角留学考试中心,香港国际教育旺角留学考试中心,秋季,2026,20262,2026,2026,2025,202510,2026,20262,202605,秋季,秋季,3941.136,3941.14,3941.14,,0,3941.14,0,3941.14,0,16,960,960,960,0,8,8,报名,DSE英语全程班,小班,10100,班课
NULL,1248,香港国际教育,30,国外考试部,英联邦项目部,NULL,未归类,未归类,国外考试部,常规体系,DSE,未归类,英语,未归类,未归类,出国读本科,"初中生,高中生",非标项目（英联邦）,HKTB004C,同步辅导课程（强化）,正常,2025-11-09 00:00:00,2025-11-09 08:30:00,2025-11-30 12:40:00,12,9,香港国际教育旺角留学考试中心,香港国际教育旺角留学考试中心,秋季,2026,20262,2026,2026,2025,202511,2026,20262,202606,秋季,秋季,25489.662,25489.66,25489.66,,0,25489.66,0,25489.66,0,16,960,960,960,0,8,8,报名,DSE英语全程班,小班,10100,班课
NULL,1248,香港国际教育,30,国外考试部,英联邦项目部,NULL,未归类,未归类,国外考试部,常规体系,DSE,未归类,英语,未归类,未归类,出国读本科,"初中生,高中生",非标项目（英联邦）,HKTC001C,同步辅导课程（培优）,正常,2025-11-08 00:00:00,2025-11-08 14:20:00,2025-11-29 18:30:00,12,10,香港国际教育旺角留学考试中心,香港国际教育旺角留学考试中心,秋季,2026,20262,2026,2026,2025,202511,2026,20262,202606,秋季,秋季,36473.754,36473.75,36473.75,,0,36473.75,0,36473.75,0,16,960,960,960,0,8,8,报名,DSE英语全程班,小班,10100,班课
NULL,1248,香港国际教育,30,国外考试部,英联邦项目部,NULL,未归类,未归类,国外考试部,常规体系,DSE,未归类,英语,未归类,未归类,出国读本科,"初中生,高中生",非标项目（英联邦）,HKTB004C,同步辅导课程（强化）,正常,2025-11-09 00:00:00,2025-11-09 08:30:00,2025-11-30 12:40:00,12,9,香港国际教育旺角留学考试中心,香港国际教育旺角留学考试中心,秋季,2026,20262,2026,2026,2025,202512,2026,20263,202607,秋季,秋季,23457.222,-1965.38,23457.22,,0,-1965.38,0,23457.22,0,0,960,0,960,0,0,8,报名,DSE英语全程班,小班,10100,班课
NULL,1248,香港国际教育,30,国外考试部,英联邦项目部,NULL,未归类,未归类,国外考试部,常规体系,DSE,未归类,英语,未归类,未归类,出国读本科,"初中生,高中生",非标项目（英联邦）,HKTC001C,同步辅导课程（培优）,正常,2025-11-08 00:00:00,2025-11-08 14:20:00,2025-11-29 18:30:00,12,10,香港国际教育旺角留学考试中心,香港国际教育旺角留学考试中心,秋季,2026,20262,2026,2026,2025,202512,2026,20263,202607,秋季,秋季,34412.418,-1965.38,34412.42,,0,-1965.38,0,34412.42,0,0,960,0,960,0,0,8,报名,DSE英语全程班,小班,10100,班课
NULL,1248,香港国际教育,30,国外考试部,英联邦项目部,NULL,未归类,未归类,国外考试部,常规体系,IELTS,未归类,"阅读,写作,词汇,听力,口语,语法",未归类,中级,未归类,"初中生,高中生,小学生",IELTS,HKYC001B,雅思常规课程（中级班-纯线上班-续）,正常,2025-10-04 00:00:00,2025-10-04 08:30:00,2025-10-25 12:40:00,12,11,香港国际教育旺角留学考试中心,香港国际教育旺角留学考试中心,秋季,2026,20262,2026,2026,2025,202510,2026,20262,202605,秋季,秋季,4379.04,4379.04,4379.04,,0,4379.04,0,4379.04,0,16,960,960,960,0,8,8,报名,雅思直通车中级课程,小班,10100,班课
NULL,1248,香港国际教育,30,国外考试部,英联邦项目部,NULL,未归类,未归类,国外考试部,常规体系,IELTS,未归类,"阅读,写作,词汇,听力,口语,语法",未归类,初级,未归类,"初中生,高中生,小学生",IELTS,HKYA002B,雅思常规课程（综合提能课程）,正常,2025-10-03 00:00:00,2025-10-03 19:30:00,2025-10-29 21:30:00,12,7,香港国际教育旺角留学考试中心,香港国际教育旺角留学考试中心,秋季,2026,20262,2026,2026,2025,202511,2026,20262,202606,秋季,秋季,24654.9075,-1026.34,24654.91,,0,-1026.34,0,24654.91,0,0,960,0,960,0,0,8,报名,雅思直通车初级课程,小班,10100,班课
NULL,1248,香港国际教育,30,国外考试部,英联邦项目部,NULL,未归类,未归类,国外考试部,常规体系,IELTS,未归类,"阅读,写作,词汇,听力,口语,语法",未归类,初级,未归类,"初中生,高中生,小学生",IELTS,HKYA002B,雅思常规课程（综合提能课程）,正常,2025-10-03 00:00:00,2025-10-03 19:30:00,2025-10-29 21:30:00,12,7,香港国际教育旺角留学考试中心,香港国际教育旺角留学考试中心,秋季,2026,20262,2026,2026,2025,202510,2026,20262,202605,秋季,秋季,25681.245,25681.25,25681.25,,0,25681.25,0,25681.25,0,16,960,960,960,0,8,8,报名,雅思直通车初级课程,小班,10100,班课
NULL,1248,香港国际教育,30,国外考试部,英联邦项目部,NULL,未归类,未归类,国外考试部,常规体系,IELTS,未归类,"阅读,写作,词汇,听力,口语,语法",未归类,初级,未归类,"初中生,高中生,小学生",IELTS,HKYB002C,雅思常规课程（初级班）,正常,2025-11-08 00:00:00,2025-11-08 08:30:00,2025-11-29 12:40:00,12,5,香港国际教育旺角留学考试中心,香港国际教育旺角留学考试中心,秋季,2026,20262,2026,2026,2025,202511,2026,20262,202606,秋季,秋季,18537.936,18537.94,18537.94,,0,18537.94,0,18537.94,0,16,960,960,960,0,8,8,报名,雅思直通车初级课程,小班,10100,班课
NULL,1248,香港国际教育,30,国外考试部,英联邦项目部,NULL,未归类,未归类,国外考试部,常规体系,IELTS,未归类,"阅读,写作,词汇,听力,口语,语法",未归类,初级,未归类,"初中生,高中生,小学生",IELTS,HKYB002C,雅思常规课程（初级班）,正常,2025-11-08 00:00:00,2025-11-08 08:30:00,2025-11-29 12:40:00,12,5,香港国际教育旺角留学考试中心,香港国际教育旺角留学考试中心,秋季,2026,20262,2026,2026,2025,202512,2026,20263,202607,秋季,秋季,16614.774,-1874.39,16614.77,,0,-1874.39,0,16614.77,0,0,960,0,960,0,0,8,报名,雅思直通车初级课程,小班,10100,班课
NULL,1248,香港国际教育,30,国外考试部,英联邦项目部,NULL,未归类,未归类,国外考试部,常规体系,IELTS,未归类,"阅读,写作,词汇,听力,口语,语法",未归类,初级,未归类,"初中生,高中生,小学生",IELTS,HKYB002C,雅思常规课程（初级班）,正常,2025-11-08 00:00:00,2025-11-08 08:30:00,2025-11-29 12:40:00,12,5,香港国际教育旺角留学考试中心,香港国际教育旺角留学考试中心,秋季,2026,20262,2026,2026,2026,202602,2026,20263,202609,秋季,秋季,14649.39,-1965.38,14649.39,,0,-1965.38,0,14649.39,0,0,960,0,960,0,0,8,报名,雅思直通车初级课程,小班,10100,班课
NULL,1248,香港国际教育,30,国外考试部,英联邦项目部,NULL,未归类,未归类,国外考试部,常规体系,IELTS,未归类,"阅读,写作,词汇,听力,口语,语法",未归类,中级,未归类,"初中生,高中生,小学生",IELTS,HKYC002G," 续-雅思常规课程（中级班5/6）",正常,2026-03-01 00:00:00,2026-03-01 08:30:00,2026-03-29 12:40:00,12,6,香港国际教育旺角留学考试中心,香港国际教育旺角留学考试中心,春季,2026,20264,2026,2026,2026,202603,2026,20264,202610,春季,春季,26459.892,26459.89,26459.89,,0,26459.89,0,26459.89,0,20,1200,1200,1200,0,10,10,报名,雅思直通车中级课程,小班,10100,班课
NULL,1248,香港国际教育,30,国外考试部,英联邦项目部,NULL,未归类,未归类,国外考试部,常规体系,DSE,未归类,英语,未归类,未归类,出国读本科,"初中生,高中生",非标项目（英联邦）,HKTB003B,同步辅导课程（DSE强化-纯线上班）,正常,2025-10-05 00:00:00,2025-10-05 19:30:00,2025-11-02 21:30:00,12,3,香港国际教育旺角留学考试中心,香港国际教育旺角留学考试中心,秋季,2026,20262,2026,2026,2025,202511,2026,20262,202606,秋季,秋季,0,-3079.01,0,,0,-3079.01,0,0,0,4,960,240,960,0,2,8,报名,DSE英语全程班,小班,10100,班课
NULL,1248,香港国际教育,30,国外考试部,英联邦项目部,NULL,未归类,未归类,国外考试部,常规体系,DSE,未归类,英语,未归类,未归类,出国读本科,"初中生,高中生",非标项目（英联邦）,HKTB003B,同步辅导课程（DSE强化-纯线上班）,正常,2025-10-05 00:00:00,2025-10-05 19:30:00,2025-11-02 21:30:00,12,3,香港国际教育旺角留学考试中心,香港国际教育旺角留学考试中心,秋季,2026,20262,2026,2026,2025,202510,2026,20262,202605,秋季,秋季,4105.35,3079.01,3079.01,,1026.3375,3079.01,0,3079.01,0,12,960,720,720,240,6,6,报名,DSE英语全程班,小班,10100,班课
NULL,1248,香港国际教育,30,国外考试部,英联邦项目部,NULL,未归类,未归类,国外考试部,常规体系,DSE,未归类,英语,未归类,未归类,出国读本科,"初中生,高中生",非标项目（英联邦）,HKDB002A,DSE常规课程（加速）,正常,2025-09-07 00:00:00,2025-09-07 08:30:00,2025-09-28 12:40:00,12,7,香港国际教育旺角留学考试中心,香港国际教育旺角留学考试中心,秋季,2026,20262,2026,2026,2025,202509,2026,20262,202604,秋季,秋季,27243.92,27243.92,27243.92,,0,27243.92,0,27243.92,0,16,960,960,960,0,8,8,报名,DSE英语全程班,小班,10100,班课
NULL,1248,香港国际教育,30,国外考试部,英联邦项目部,NULL,未归类,未归类,国外考试部,常规体系,IELTS,未归类,"阅读,写作,词汇,听力,口语,语法",未归类,中级,出国读本科,"初中生,高中生,小学生",IELTS,HKYC001A,雅思常规课程（中级班-纯线上班）,正常,2025-09-06 00:00:00,2025-09-06 08:30:00,2025-09-27 12:40:00,12,12,香港国际教育旺角留学考试中心,香港国际教育旺角留学考试中心,秋季,2026,20262,2026,2026,2025,202510,2026,20262,202605,秋季,秋季,40159.446,-7864.03,40159.45,,0,-7864.03,0,40159.45,0,0,960,0,960,0,0,8,报名,雅思直通车中级课程,小班,10100,班课
NULL,1248,香港国际教育,30,国外考试部,英联邦项目部,NULL,未归类,未归类,国外考试部,常规体系,IELTS,未归类,"阅读,写作,词汇,听力,口语,语法",未归类,中级,出国读本科,"初中生,高中生,小学生",IELTS,HKYC001A,雅思常规课程（中级班-纯线上班）,正常,2025-09-06 00:00:00,2025-09-06 08:30:00,2025-09-27 12:40:00,12,12,香港国际教育旺角留学考试中心,香港国际教育旺角留学考试中心,秋季,2026,20262,2026,2026,2025,202511,2026,20262,202606,秋季,秋季,37235.5245,-2923.92,37235.52,,0,-2923.92,0,37235.52,0,0,960,0,960,0,0,8,报名,雅思直通车中级课程,小班,10100,班课
NULL,1248,香港国际教育,30,国外考试部,英联邦项目部,NULL,未归类,未归类,国外考试部,常规体系,IELTS,未归类,"阅读,写作,词汇,听力,口语,语法",未归类,中级,出国读本科,"初中生,高中生,小学生",IELTS,HKYC001A,雅思常规课程（中级班-纯线上班）,正常,2025-09-06 00:00:00,2025-09-06 08:30:00,2025-09-27 12:40:00,12,12,香港国际教育旺角留学考试中心,香港国际教育旺角留学考试中心,秋季,2026,20262,2026,2026,2025,202509,2026,20262,202604,秋季,秋季,48060.32,48060.32,48060.32,,0,48060.32,0,48060.32,0,16,960,960,960,0,8,8,报名,雅思直通车中级课程,小班,10100,班课
NULL,1248,香港国际教育,30,国外考试部,英联邦项目部,NULL,未归类,未归类,国外考试部,常规体系,IELTS,未归类,"阅读,写作,词汇,听力,口语,语法",未归类,初级,未归类,"初中生,高中生,小学生",IELTS,HKYB001B,雅思常规课程（初级班-纯线上班-续）,正常,2025-10-11 00:00:00,2025-10-11 14:20:00,2025-10-29 18:30:00,12,5,香港国际教育旺角留学考试中心,香港国际教育旺角留学考试中心,秋季,2026,20262,2026,2026,2025,202510,2026,20262,202605,秋季,秋季,0,0,0,,0,0,0,0,0,16,960,960,960,0,8,8,报名,雅思直通车初级课程,小班,10100,班课
NULL,1248,香港国际教育,30,国外考试部,英联邦项目部,NULL,未归类,未归类,国外考试部,常规体系,IELTS,未归类,"阅读,写作,词汇,听力,口语,语法",未归类,初级,未归类,"初中生,高中生,小学生",IELTS,HKYB001C,雅思常规课程（初级班）,正常,2025-11-08 00:00:00,2025-11-08 14:20:00,2025-11-29 18:30:00,12,9,香港国际教育旺角留学考试中心,香港国际教育旺角留学考试中心,秋季,2026,20262,2026,2026,2025,202511,2026,20262,202606,秋季,秋季,31529.088,31529.09,31529.09,,0,31529.09,0,31529.09,0,16,960,960,960,0,8,8,报名,雅思直通车初级课程,小班,10100,班课
NULL,1248,香港国际教育,30,国外考试部,英联邦项目部,NULL,未归类,未归类,国外考试部,计费体系,JF6,未归类,"阅读,写作,听力,口语",未归类,未归类,未归类,"初中生,高中生,研究生及以上,在职,小学生,本科生",非标项目（英联邦）,BMF002,英联邦其他费用（600元择校）,正常,2025-07-31 00:00:00,2025-07-31 09:00:00,2025-07-31 10:00:00,12,2,香港国际教育旺角留学考试中心,香港国际教育旺角留学考试中心,暑假,2026,20261,2026,2026,2025,202507,2026,20261,202602,暑假,暑假,1092.96,1092.96,1092.96,,0,1092.96,0,1092.96,0,1,60,60,60,0,1,1,报名,英联邦其他费用,小班,10100,班课
NULL,1248,香港国际教育,30,国外考试部,英联邦项目部,NULL,未归类,未归类,国外考试部,常规体系,DSE,未归类,英语,未归类,未归类,出国读本科,"初中生,高中生",非标项目（英联邦）,HKTB004F,续-同步辅导课程（强化4/10）,正常,2026-02-08 00:00:00,2026-02-08 08:30:00,2026-02-08 12:40:00,12,10,香港国际教育旺角留学考试中心,香港国际教育旺角留学考试中心,寒假,2026,20263,2026,2026,2026,202602,2026,20263,202609,寒假,寒假,12010.68,12010.68,12010.68,,0,12010.68,0,12010.68,0,4,240,240,240,0,2,2,报名,DSE英语全程班,小班,10100,班课
NULL,1248,香港国际教育,30,国外考试部,英联邦项目部,NULL,未归类,未归类,国外考试部,常规体系,DSE,未归类,英语,未归类,未归类,出国读本科,"初中生,高中生",非标项目（英联邦）,HKDB004E,DSE常规课程（加速1/6）,正常,2026-01-17 00:00:00,2026-01-17 14:20:00,2026-02-07 18:30:00,12,10,香港国际教育旺角留学考试中心,香港国际教育旺角留学考试中心,寒假,2026,20263,2026,2026,2026,202602,2026,20263,202609,寒假,寒假,30087.3903,6748.46,30087.39,,0,6748.46,0,30087.39,0,4,960,240,960,0,2,8,报名,DSE英语全程班,小班,10100,班课
NULL,1248,香港国际教育,30,国外考试部,英联邦项目部,NULL,未归类,未归类,国外考试部,常规体系,DSE,未归类,英语,未归类,未归类,出国读本科,"初中生,高中生",非标项目（英联邦）,HKTB004E,同步辅导课程（强化3/10）,正常,2026-01-11 00:00:00,2026-01-11 08:30:00,2026-02-01 12:40:00,12,10,香港国际教育旺角留学考试中心,香港国际教育旺角留学考试中心,寒假,2026,20263,2026,2026,2026,202602,2026,20263,202609,寒假,寒假,33620.805,7620.41,33620.81,,0,7620.41,0,33620.81,0,4,960,240,960,0,2,8,报名,DSE英语全程班,小班,10100,班课
NULL,1248,香港国际教育,30,国外考试部,英联邦项目部,NULL,未归类,未归类,国外考试部,常规体系,DSE,未归类,英语,未归类,未归类,出国读本科,"初中生,高中生",非标项目（英联邦）,HKDB004E,DSE常规课程（加速1/6）,正常,2026-01-17 00:00:00,2026-01-17 14:20:00,2026-02-07 18:30:00,12,10,香港国际教育旺角留学考试中心,香港国际教育旺角留学考试中心,寒假,2026,20263,2026,2026,2026,202601,2026,20263,202608,寒假,寒假,31118.58,23338.94,23338.94,,7779.645,23338.94,0,23338.94,0,12,960,720,720,240,6,6,报名,DSE英语全程班,小班,10100,班课
NULL,1248,香港国际教育,30,国外考试部,英联邦项目部,NULL,未归类,未归类,国外考试部,常规体系,DSE,未归类,英语,未归类,未归类,出国读本科,"初中生,高中生",非标项目（英联邦）,HKTB004E,同步辅导课程（强化3/10）,正常,2026-01-11 00:00:00,2026-01-11 08:30:00,2026-02-01 12:40:00,12,10,香港国际教育旺角留学考试中心,香港国际教育旺角留学考试中心,寒假,2026,20263,2026,2026,2026,202601,2026,20263,202608,寒假,寒假,34667.19,26000.39,26000.39,,8666.7975,26000.39,0,26000.39,0,12,960,720,720,240,6,6,报名,DSE英语全程班,小班,10100,班课
NULL,1248,香港国际教育,30,国外考试部,英联邦项目部,NULL,未归类,未归类,国外考试部,常规体系,DSE,未归类,英语,未归类,未归类,出国读本科,"初中生,高中生",非标项目（英联邦）,HKTC001F,续-同步辅导课程（培优4/10）,正常,2026-02-07 00:00:00,2026-02-07 14:20:00,2026-02-28 18:30:00,12,5,香港国际教育旺角留学考试中心,香港国际教育旺角留学考试中心,寒假,2026,20263,2026,2026,2026,202602,2026,20263,202609,寒假,寒假,9280.798,9280.8,9280.8,,0,9280.8,0,9280.8,0,12,720,720,720,0,6,6,报名,DSE英语全程班,小班,10100,班课
NULL,1248,香港国际教育,30,国外考试部,英联邦项目部,NULL,未归类,未归类,国外考试部,常规体系,DSE,未归类,英语,未归类,未归类,出国读本科,"初中生,高中生",非标项目（英联邦）,HKTA001F,续-同步辅导课程（基础6/10）,正常,2026-02-03 00:00:00,2026-02-03 17:20:00,2026-02-28 19:20:00,12,8,香港国际教育旺角留学考试中心,香港国际教育旺角留学考试中心,寒假,2026,20263,2026,2026,2026,202602,2026,20263,202609,寒假,寒假,22171.1693,22171.17,22171.17,,0,22171.17,0,22171.17,0,12,720,720,720,0,6,6,报名,DSE英语全程班,小班,10100,班课
NULL,1248,香港国际教育,30,国外考试部,英联邦项目部,NULL,未归类,未归类,国外考试部,常规体系,DSE,未归类,英语,未归类,未归类,出国读本科,"初中生,高中生",非标项目（英联邦）,HKTA001F,续-同步辅导课程（基础6/10）,正常,2026-02-03 00:00:00,2026-02-03 17:20:00,2026-02-28 19:20:00,12,8,香港国际教育旺角留学考试中心,香港国际教育旺角留学考试中心,寒假,2026,20263,2026,2026,2026,202603,2026,20264,202610,寒假,寒假,13405.8297,-8765.34,13405.83,,0,-8765.34,0,13405.83,0,0,720,0,720,0,0,6,报名,DSE英语全程班,小班,10100,班课
NULL,1248,香港国际教育,30,国外考试部,英联邦项目部,NULL,未归类,未归类,国外考试部,常规体系,DSE,未归类,英语,未归类,未归类,出国读本科,"初中生,高中生",非标项目（英联邦）,HKTB004F,续-同步辅导课程（强化4/10）,正常,2026-02-08 00:00:00,2026-02-08 08:30:00,2026-02-08 12:40:00,12,10,香港国际教育旺角留学考试中心,香港国际教育旺角留学考试中心,寒假,2026,20263,2026,2026,2026,202603,2026,20264,202610,寒假,寒假,10918.8,-1091.88,10918.8,,0,-1091.88,0,10918.8,0,0,240,0,240,0,0,2,报名,DSE英语全程班,小班,10100,班课
NULL,1248,香港国际教育,30,国外考试部,英联邦项目部,NULL,未归类,未归类,国外考试部,常规体系,IELTS,未归类,"阅读,写作,词汇,听力,口语,语法",未归类,中级,未归类,"初中生,高中生,小学生",IELTS,HKYC001D,雅思常规课程（中级班4/6）,正常,2025-12-06 00:00:00,2025-12-06 08:30:00,2025-12-27 12:40:00,12,5,香港国际教育旺角留学考试中心,香港国际教育旺角留学考试中心,寒假,2026,20263,2026,2026,2025,202512,2026,20263,202607,寒假,寒假,16705.764,16705.76,16705.76,,0,16705.76,0,16705.76,0,16,960,960,960,0,8,8,报名,雅思直通车中级课程,小班,10100,班课
NULL,1248,香港国际教育,30,国外考试部,英联邦项目部,NULL,未归类,未归类,国外考试部,常规体系,IELTS,未归类,"阅读,写作,词汇,听力,口语,语法",未归类,初级,未归类,"初中生,高中生,小学生",IELTS,HKYB002D,雅思常规课程（初级班2/6）,正常,2025-12-06 00:00:00,2025-12-06 08:30:00,2026-01-03 12:40:00,12,6,香港国际教育旺角留学考试中心,香港国际教育旺角留学考试中心,寒假,2026,20263,2026,2026,2025,202512,2026,20263,202607,寒假,寒假,19053.306,14289.98,14289.98,,4763.3265,14289.98,0,14289.98,0,12,960,720,720,240,6,6,报名,雅思直通车初级课程,小班,10100,班课
NULL,1248,香港国际教育,30,国外考试部,英联邦项目部,NULL,未归类,未归类,国外考试部,常规体系,IELTS,未归类,"阅读,写作,词汇,听力,口语,语法",未归类,中级,未归类,"初中生,高中生,小学生",IELTS,HKYC001D,雅思常规课程（中级班4/6）,正常,2025-12-06 00:00:00,2025-12-06 08:30:00,2025-12-27 12:40:00,12,5,香港国际教育旺角留学考试中心,香港国际教育旺角留学考试中心,寒假,2026,20263,2026,2026,2026,202601,2026,20263,202608,寒假,寒假,12774.996,-3930.77,12775,,0,-3930.77,0,12775,0,0,960,0,960,0,0,8,报名,雅思直通车中级课程,小班,10100,班课
NULL,1248,香港国际教育,30,国外考试部,英联邦项目部,NULL,未归类,未归类,国外考试部,常规体系,IELTS,未归类,"阅读,写作,词汇,听力,口语,语法",未归类,中级,未归类,"初中生,高中生,小学生",IELTS,HKYC002E,雅思常规课程（中级班3/6）,正常,2026-01-18 00:00:00,2026-01-18 08:30:00,2026-02-08 12:40:00,12,12,香港国际教育旺角留学考试中心,香港国际教育旺角留学考试中心,寒假,2026,20263,2026,2026,2026,202601,2026,20263,202608,寒假,寒假,40809.015,20404.51,20404.51,,20404.5075,20404.51,0,20404.51,0,8,960,480,480,480,4,4,报名,雅思直通车中级课程,小班,10100,班课
NULL,1248,香港国际教育,30,国外考试部,英联邦项目部,NULL,未归类,未归类,国外考试部,常规体系,IELTS,未归类,"阅读,写作,词汇,听力,口语,语法",未归类,中级,未归类,"初中生,高中生,小学生",IELTS,HKYC002E,雅思常规课程（中级班3/6）,正常,2026-01-18 00:00:00,2026-01-18 08:30:00,2026-02-08 12:40:00,12,12,香港国际教育旺角留学考试中心,香港国际教育旺角留学考试中心,寒假,2026,20263,2026,2026,2026,202602,2026,20263,202609,寒假,寒假,41900.895,21496.39,41900.9,,0,21496.39,0,41900.9,0,8,960,480,960,0,4,8,报名,雅思直通车中级课程,小班,10100,班课
NULL,1248,香港国际教育,30,国外考试部,英联邦项目部,NULL,未归类,未归类,国外考试部,常规体系,IELTS,未归类,"阅读,写作,词汇,听力,口语,语法",未归类,初级,未归类,"初中生,高中生,小学生",IELTS,HKYB002D,雅思常规课程（初级班2/6）,正常,2025-12-06 00:00:00,2025-12-06 08:30:00,2026-01-03 12:40:00,12,6,香港国际教育旺角留学考试中心,香港国际教育旺角留学考试中心,寒假,2026,20263,2026,2026,2026,202601,2026,20263,202608,寒假,寒假,19053.306,4763.33,19053.31,,0,4763.33,0,19053.31,0,4,960,240,960,0,2,8,报名,雅思直通车初级课程,小班,10100,班课
NULL,1248,香港国际教育,30,国外考试部,英联邦项目部,NULL,未归类,未归类,国外考试部,常规体系,IELTS,未归类,"阅读,写作,词汇,听力,口语,语法",未归类,初级,未归类,"初中生,高中生,小学生",IELTS,HKYB001F,雅思直通车初级课程（2400/8H）,正常,2026-02-14 00:00:00,2026-02-14 14:20:00,2026-02-28 18:30:00,12,5,香港国际教育旺角留学考试中心,香港国际教育旺角留学考试中心,寒假,2026,20263,2026,2026,2026,202602,2026,20263,202609,寒假,寒假,12665.808,12665.81,12665.81,,0,12665.81,0,12665.81,0,8,480,480,480,0,4,4,报名,雅思直通车初级课程,小班,10100,班课
NULL,1248,香港国际教育,30,国外考试部,英联邦项目部,NULL,未归类,未归类,国外考试部,常规体系,IELTS,未归类,"阅读,写作,词汇,听力,口语,语法",未归类,初级,未归类,"初中生,高中生,小学生",IELTS,HKZH002E,雅思常规课程（综合提能课程4/10）,正常,2026-01-07 00:00:00,2026-01-07 19:30:00,2026-01-30 21:30:00,12,5,香港国际教育旺角留学考试中心,香港国际教育旺角留学考试中心,寒假,2026,20263,2026,2026,2026,202601,2026,20263,202608,寒假,寒假,19690.236,19690.24,19690.24,,0,19690.24,0,19690.24,0,16,960,960,960,0,8,8,报名,雅思直通车初级课程,小班,10100,班课
NULL,1248,香港国际教育,30,国外考试部,英联邦项目部,NULL,未归类,未归类,国外考试部,常规体系,IELTS,未归类,"阅读,写作,词汇,听力,口语,语法",未归类,中级,未归类,"初中生,高中生,小学生",IELTS,HKYC002E,雅思常规课程（中级班3/6）,正常,2026-01-18 00:00:00,2026-01-18 08:30:00,2026-02-08 12:40:00,12,12,香港国际教育旺角留学考试中心,香港国际教育旺角留学考试中心,寒假,2026,20263,2026,2026,2026,202603,2026,20264,202610,寒假,寒假,40854.51,-1046.39,40854.51,,0,-1046.39,0,40854.51,0,0,960,0,960,0,0,8,报名,雅思直通车中级课程,小班,10100,班课
NULL,1248,香港国际教育,30,国外考试部,英联邦项目部,NULL,未归类,未归类,国外考试部,常规体系,IELTS,未归类,"阅读,写作,词汇,听力,口语,语法",未归类,初级,未归类,"初中生,高中生,小学生",IELTS,HKYB001F,雅思直通车初级课程（2400/8H）,正常,2026-02-14 00:00:00,2026-02-14 14:20:00,2026-02-28 18:30:00,12,5,香港国际教育旺角留学考试中心,香港国际教育旺角留学考试中心,寒假,2026,20263,2026,2026,2026,202603,2026,20264,202610,寒假,寒假,9390.168,-3275.64,9390.17,,0,-3275.64,0,9390.17,0,0,480,0,480,0,0,4,报名,雅思直通车初级课程,小班,10100,班课
NULL,1248,香港国际教育,30,国外考试部,英联邦项目部,NULL,未归类,未归类,国外考试部,常规体系,DSE,未归类,英语,未归类,未归类,出国读本科,"初中生,高中生",非标项目（英联邦）,HKTC002G,同步辅导课程（培优3/10）,正常,2026-03-01 00:00:00,2026-03-01 08:30:00,2026-03-29 12:40:00,12,12,香港国际教育旺角留学考试中心,香港国际教育旺角留学考试中心,春季,2026,20264,2026,2026,2026,202603,2026,20264,202610,春季,春季,56923.344,56923.34,56923.34,,0,56923.34,0,56923.34,0,20,1200,1200,1200,0,10,10,报名,DSE英语全程班,小班,10100,班课
NULL,1248,香港国际教育,30,国外考试部,英联邦项目部,NULL,未归类,未归类,国外考试部,常规体系,IELTS,未归类,"阅读,写作,词汇,听力,口语,语法",未归类,预备,未归类,"初中生,高中生,小学生",IELTS,HKYAJ001,暑期雅思集训课程（基础）,正常,2025-08-04 00:00:00,2025-08-04 08:30:00,2025-08-26 13:50:00,12,6,香港国际教育旺角留学考试中心,香港国际教育旺角留学考试中心,暑假,2026,20261,2026,2026,2025,202508,2026,20261,202603,暑假,暑假,88607.52,88607.52,88607.52,,0,88607.52,0,88607.52,0,64,3840,3840,3840,0,32,32,报名,雅思预备班,小班,10100,班课
NULL,1248,香港国际教育,30,国外考试部,英联邦项目部,NULL,未归类,未归类,国外考试部,常规体系,IELTS,未归类,"阅读,写作,词汇,听力,口语,语法",未归类,预备,未归类,"初中生,高中生,小学生",IELTS,HKYAJ001,暑期雅思集训课程（基础）,正常,2025-08-04 00:00:00,2025-08-04 08:30:00,2025-08-26 13:50:00,12,6,香港国际教育旺角留学考试中心,香港国际教育旺角留学考试中心,暑假,2026,20261,2026,2026,2025,202509,2026,20262,202604,暑假,暑假,84799.44,-3944.16,84799.44,,0,-3944.16,0,84799.44,0,0,3840,0,3840,0,0,32,报名,雅思预备班,小班,10100,班课
NULL,1248,香港国际教育,30,国外考试部,英联邦项目部,NULL,未归类,未归类,国外考试部,常规体系,DSE,未归类,英语,未归类,未归类,出国读本科,"初中生,高中生",非标项目（英联邦）,HKDB003B,DSE常规课程（加速-纯线上班-续）,正常,2025-10-05 00:00:00,2025-10-05 14:20:00,2025-11-22 18:30:00,12,4,香港国际教育旺角留学考试中心,香港国际教育旺角留学考试中心,秋季,2026,20262,2026,2026,2025,202511,2026,20262,202606,秋季,秋季,0,0,0,,0,0,0,0,0,4,960,240,960,0,2,8,报名,DSE英语全程班,小班,10100,班课
NULL,1248,香港国际教育,30,国外考试部,英联邦项目部,NULL,未归类,未归类,国外考试部,常规体系,DSE,未归类,英语,未归类,未归类,出国读本科,"初中生,高中生",非标项目（英联邦）,HKDB001B,DSE常规课程（加速-续）,正常,2025-10-11 00:00:00,2025-10-11 08:30:00,2025-11-08 12:40:00,12,2,香港国际教育旺角留学考试中心,香港国际教育旺角留学考试中心,秋季,2026,20262,2026,2026,2025,202511,2026,20262,202606,秋季,秋季,5473.8,-14160.48,5473.8,,0,-14160.48,0,5473.8,0,8,1380,480,1380,0,4,11,报名,DSE英语全程班,小班,10100,班课
NULL,1248,香港国际教育,30,国外考试部,英联邦项目部,NULL,未归类,未归类,国外考试部,常规体系,DSE,未归类,英语,未归类,未归类,出国读本科,"初中生,高中生",非标项目（英联邦）,HKDB003B,DSE常规课程（加速-纯线上班-续）,正常,2025-10-05 00:00:00,2025-10-05 14:20:00,2025-11-22 18:30:00,12,4,香港国际教育旺角留学考试中心,香港国际教育旺角留学考试中心,秋季,2026,20262,2026,2026,2025,202510,2026,20262,202605,秋季,秋季,0,0,0,,0,0,0,0,0,12,960,720,720,240,6,6,报名,DSE英语全程班,小班,10100,班课
NULL,1248,香港国际教育,30,国外考试部,英联邦项目部,NULL,未归类,未归类,国外考试部,常规体系,DSE,未归类,英语,未归类,未归类,出国读本科,"初中生,高中生",非标项目（英联邦）,HKDB001B,DSE常规课程（加速-续）,正常,2025-10-11 00:00:00,2025-10-11 08:30:00,2025-11-08 12:40:00,12,2,香港国际教育旺角留学考试中心,香港国际教育旺角留学考试中心,秋季,2026,20262,2026,2026,2025,202510,2026,20262,202605,秋季,秋季,30105.9,19634.28,19634.28,,10471.6166,19634.28,0,19634.28,0,15,1380,900,900,480,7,7,报名,DSE英语全程班,小班,10100,班课
NULL,1248,香港国际教育,30,国外考试部,英联邦项目部,NULL,未归类,未归类,国外考试部,常规体系,DSE,未归类,英语,未归类,未归类,出国读本科,"初中生,高中生",非标项目（英联邦）,HKTA001A,同步辅导课程（DSE基础）,正常,2025-09-04 00:00:00,2025-09-04 17:20:00,2025-09-30 19:20:00,12,7,香港国际教育旺角留学考试中心,香港国际教育旺角留学考试中心,秋季,2026,20262,2026,2026,2025,202509,2026,20262,202604,秋季,秋季,26130.06,26130.06,26130.06,,0,26130.06,0,26130.06,0,16,960,960,960,0,8,8,报名,DSE英语全程班,小班,10100,班课
NULL,1248,香港国际教育,30,国外考试部,英联邦项目部,NULL,未归类,未归类,国外考试部,常规体系,DSE,未归类,英语,未归类,未归类,出国读本科,"初中生,高中生",非标项目（英联邦）,HKDB002B,DSE常规课程（加速-纯线上班-续）,正常,2025-10-05 00:00:00,2025-10-05 08:30:00,2025-10-26 12:40:00,12,6,香港国际教育旺角留学考试中心,香港国际教育旺角留学考试中心,秋季,2026,20262,2026,2026,2025,202510,2026,20262,202605,秋季,秋季,0,0,0,,0,0,0,0,0,16,960,960,960,0,8,8,报名,DSE英语全程班,小班,10100,班课
NULL,1248,香港国际教育,30,国外考试部,英联邦项目部,NULL,未归类,未归类,国外考试部,常规体系,DSE,未归类,英语,未归类,未归类,出国读本科,"初中生,高中生",非标项目（英联邦）,HKTB001C,同步辅导课程（强化）,正常,2025-11-05 00:00:00,2025-11-05 17:20:00,2025-11-28 19:20:00,12,10,香港国际教育旺角留学考试中心,香港国际教育旺角留学考试中心,秋季,2026,20262,2026,2026,2025,202511,2026,20262,202606,秋季,秋季,27204.786,27204.79,27204.79,,0,27204.79,0,27204.79,0,16,960,960,960,0,8,8,报名,DSE英语全程班,小班,10100,班课
NULL,1248,香港国际教育,30,国外考试部,英联邦项目部,NULL,未归类,未归类,国外考试部,常规体系,DSE,未归类,英语,未归类,未归类,出国读本科,"初中生,高中生",非标项目（英联邦）,HKDB001B,DSE常规课程（加速-续）,正常,2025-10-11 00:00:00,2025-10-11 08:30:00,2025-11-08 12:40:00,12,2,香港国际教育旺角留学考试中心,香港国际教育旺角留学考试中心,秋季,2026,20262,2026,2026,2026,202601,2026,20263,202608,秋季,秋季,0,-5459.4,0,,0,-5459.4,0,0,0,0,1380,0,1380,0,0,11,报名,DSE英语全程班,小班,10100,班课
NULL,1248,香港国际教育,30,国外考试部,英联邦项目部,NULL,未归类,未归类,国外考试部,常规体系,IELTS,未归类,"阅读,写作,词汇,听力,口语,语法",未归类,初级,未归类,"初中生,高中生,小学生",IELTS,HKYA002C,雅思常规课程（综合提能课程）,正常,2025-11-05 00:00:00,2025-11-05 19:30:00,2025-11-28 21:30:00,12,9,香港国际教育旺角留学考试中心,香港国际教育旺角留学考试中心,秋季,2026,20262,2026,2026,2025,202511,2026,20262,202606,秋季,秋季,31091.184,31091.18,31091.18,,0,31091.18,0,31091.18,0,16,960,960,960,0,8,8,报名,雅思直通车初级课程,小班,10100,班课
NULL,1248,香港国际教育,30,国外考试部,,2200037560,香港国际教育培训中心,,高中,常规体系,DSE,不区分,英语,,,,,,LP17590567381435,,,,,,,,香港国际教育旺角留学考试中心,香港国际教育旺角留学考试中心,"寒假,春季,暑假,秋季",,,,,2025,202510,2026,20262,202605,,,,0,,,,0,0,,,2,960,120,360,600,,,高端,,,10202,1对1课时包
NULL,1248,香港国际教育,30,国外考试部,,2200037560,香港国际教育培训中心,,高中,常规体系,DSE,不区分,英语,,,,,,LP17590567381435,,,,,,,,香港国际教育旺角留学考试中心,香港国际教育旺角留学考试中心,"寒假,春季,暑假,秋季",,,,,2025,202510,2026,20262,202605,,,,0,,,,0,0,,,4,960,240,360,600,,,高端,,,10202,1对1课时包
NULL,1248,香港国际教育,30,国外考试部,,2200037560,香港国际教育培训中心,,高中,常规体系,DSE,不区分,英语,,,,,,LP1759125351448,,,,,,,,香港国际教育旺角留学考试中心,香港国际教育旺角留学考试中心,"寒假,春季,暑假,秋季",,,,,2025,202510,2026,20262,202605,,,,3177.78,,,,3177.78,0,,,4,1080,240,360,720,,,高端,,,10202,1对1课时包
NULL,1248,香港国际教育,30,国外考试部,,2200037560,香港国际教育培训中心,,高中,常规体系,DSE,不区分,英语,,,,,,LP1759125351448,,,,,,,,香港国际教育旺角留学考试中心,香港国际教育旺角留学考试中心,"寒假,春季,暑假,秋季",,,,,2025,202510,2026,20262,202605,,,,1588.89,,,,1588.89,0,,,2,1080,120,360,720,,,高端,,,10202,1对1课时包
NULL,1248,香港国际教育,30,国外考试部,,2200037560,香港国际教育培训中心,,高中,常规体系,DSE,不区分,英语,,,,,,LP1759460745220,,,,,,,,香港国际教育旺角留学考试中心,香港国际教育旺角留学考试中心,"寒假,春季,暑假,秋季",,,,,2025,202510,2026,20262,202605,,,,1588.89,,,,1588.89,0,,,2,1080,120,480,600,,,高端,,,10202,1对1课时包
NULL,1248,香港国际教育,30,国外考试部,,2200037560,香港国际教育培训中心,,高中,常规体系,DSE,不区分,英语,,,,,,LP1759460745220,,,,,,,,香港国际教育旺角留学考试中心,香港国际教育旺角留学考试中心,"寒假,春季,暑假,秋季",,,,,2025,202510,2026,20262,202605,,,,4766.67,,,,4766.67,0,,,6,1080,360,480,600,,,高端,,,10202,1对1课时包
NULL,1248,香港国际教育,30,国外考试部,,2200037560,香港国际教育培训中心,,高中,常规体系,DSE,不区分,英语,,,,,,LP17590567381435,,,,,,,,香港国际教育旺角留学考试中心,香港国际教育旺角留学考试中心,"寒假,春季,暑假,秋季",,,,,2025,202511,2026,20262,202606,,,,0,,,,0,0,,,2,960,120,960,0,,,高端,,,10202,1对1课时包
NULL,1248,香港国际教育,30,国外考试部,,2200037560,香港国际教育培训中心,,高中,常规体系,DSE,不区分,英语,,,,,,LP17590567381435,,,,,,,,香港国际教育旺角留学考试中心,香港国际教育旺角留学考试中心,"寒假,春季,暑假,秋季",,,,,2025,202511,2026,20262,202606,,,,0,,,,0,0,,,8,960,480,960,0,,,高端,,,10202,1对1课时包
NULL,1248,香港国际教育,30,国外考试部,,2200037560,香港国际教育培训中心,,高中,常规体系,DSE,不区分,英语,,,,,,LP1759125351448,,,,,,,,香港国际教育旺角留学考试中心,香港国际教育旺角留学考试中心,"寒假,春季,暑假,秋季",,,,,2025,202511,2026,20262,202606,,,,1588.89,,,,1588.89,0,,,2,1080,120,960,120,,,高端,,,10202,1对1课时包
NULL,1248,香港国际教育,30,国外考试部,,2200037560,香港国际教育培训中心,,高中,常规体系,DSE,不区分,英语,,,,,,LP1759125351448,,,,,,,,香港国际教育旺角留学考试中心,香港国际教育旺角留学考试中心,"寒假,春季,暑假,秋季",,,,,2025,202511,2026,20262,202606,,,,1588.89,,,,1588.89,0,,,2,1080,120,960,120,,,高端,,,10202,1对1课时包
NULL,1248,香港国际教育,30,国外考试部,,2200037560,香港国际教育培训中心,,高中,常规体系,DSE,不区分,英语,,,,,,LP1759125351448,,,,,,,,香港国际教育旺角留学考试中心,香港国际教育旺角留学考试中心,"寒假,春季,暑假,秋季",,,,,2025,202511,2026,20262,202606,,,,1588.89,,,,1588.89,0,,,2,1080,120,960,120,,,高端,,,10202,1对1课时包
NULL,1248,香港国际教育,30,国外考试部,,2200037560,香港国际教育培训中心,,高中,常规体系,DSE,不区分,英语,,,,,,LP1759125351448,,,,,,,,香港国际教育旺角留学考试中心,香港国际教育旺角留学考试中心,"寒假,春季,暑假,秋季",,,,,2025,202511,2026,20262,202606,,,,3177.78,,,,3177.78,0,,,4,1080,240,960,120,,,高端,,,10202,1对1课时包
NULL,1248,香港国际教育,30,国外考试部,,2200037560,香港国际教育培训中心,,高中,常规体系,DSE,不区分,英语,,,,,,LP1759460745220,,,,,,,,香港国际教育旺角留学考试中心,香港国际教育旺角留学考试中心,"寒假,春季,暑假,秋季",,,,,2025,202511,2026,20262,202606,,,,4766.67,,,,4766.67,0,,,6,1080,360,960,120,,,高端,,,10202,1对1课时包
NULL,1248,香港国际教育,30,国外考试部,,2200037560,香港国际教育培训中心,,高中,常规体系,DSE,不区分,英语,,,,,,LP1759460745220,,,,,,,,香港国际教育旺角留学考试中心,香港国际教育旺角留学考试中心,"寒假,春季,暑假,秋季",,,,,2025,202511,2026,20262,202606,,,,1588.89,,,,1588.89,0,,,2,1080,120,960,120,,,高端,,,10202,1对1课时包
NULL,1248,香港国际教育,30,国外考试部,,2200037560,香港国际教育培训中心,,高中,常规体系,DSE,不区分,英语,,,,,,LP1761537901240,,,,,,,,香港国际教育旺角留学考试中心,香港国际教育旺角留学考试中心,"寒假,春季,暑假,秋季",,,,,2025,202511,2026,20262,202606,,,,1700,,,,1700,0,,,2,600,120,600,0,,,高端,,,10202,1对1课时包
NULL,1248,香港国际教育,30,国外考试部,,2200037560,香港国际教育培训中心,,高中,常规体系,DSE,不区分,英语,,,,,,LP1761537901240,,,,,,,,香港国际教育旺角留学考试中心,香港国际教育旺角留学考试中心,"寒假,春季,暑假,秋季",,,,,2025,202511,2026,20262,202606,,,,6800,,,,6800,0,,,8,600,480,600,0,,,高端,,,10202,1对1课时包
NULL,1248,香港国际教育,30,国外考试部,,2200037560,香港国际教育培训中心,,高中,常规体系,IELTS,不区分,口语,,,,,,LP17614648641389,,,,,,,,香港国际教育旺角留学考试中心,香港国际教育旺角留学考试中心,"寒假,春季,暑假,秋季",,,,,2025,202511,2026,20262,202606,,,,1588.89,,,,1588.89,0,,,2,1080,120,240,840,,,高端,,,10202,1对1课时包
NULL,1248,香港国际教育,30,国外考试部,,2200037560,香港国际教育培训中心,,高中,常规体系,IELTS,不区分,听力,,,,,,LP17614648641389,,,,,,,,香港国际教育旺角留学考试中心,香港国际教育旺角留学考试中心,"寒假,春季,暑假,秋季",,,,,2025,202511,2026,20262,202606,,,,1588.89,,,,1588.89,0,,,2,1080,120,240,840,,,高端,,,10202,1对1课时包
NULL,1248,香港国际教育,30,国外考试部,,2200037560,香港国际教育培训中心,,高中,常规体系,DSE,不区分,英语,,,,,,LP1765250405307,,,,,,,,香港国际教育旺角留学考试中心,香港国际教育旺角留学考试中心,"寒假,春季,暑假,秋季",,,,,2025,202512,2026,20263,202607,,,,1700,,,,1700,0,,,2,120,120,120,0,,,高端,,,10202,1对1课时包
NULL,1248,香港国际教育,30,国外考试部,,2200037560,香港国际教育培训中心,,高中,常规体系,DSE,不区分,英语,,,,,,LP17652662451630,,,,,,,,香港国际教育旺角留学考试中心,香港国际教育旺角留学考试中心,"寒假,春季,暑假,秋季",,,,,2025,202512,2026,20263,202607,,,,5100,,,,5100,0,,,6,1080,360,960,120,,,高端,,,10202,1对1课时包
NULL,1248,香港国际教育,30,国外考试部,,2200037560,香港国际教育培训中心,,高中,常规体系,DSE,不区分,英语,,,,,,LP17652662451630,,,,,,,,香港国际教育旺角留学考试中心,香港国际教育旺角留学考试中心,"寒假,春季,暑假,秋季",,,,,2025,202512,2026,20263,202607,,,,3400,,,,3400,0,,,4,1080,240,960,120,,,高端,,,10202,1对1课时包
NULL,1248,香港国际教育,30,国外考试部,,2200037560,香港国际教育培训中心,,高中,常规体系,DSE,不区分,英语,,,,,,LP17652662451630,,,,,,,,香港国际教育旺角留学考试中心,香港国际教育旺角留学考试中心,"寒假,春季,暑假,秋季",,,,,2025,202512,2026,20263,202607,,,,1700,,,,1700,0,,,2,1080,120,960,120,,,高端,,,10202,1对1课时包
NULL,1248,香港国际教育,30,国外考试部,,2200037560,香港国际教育培训中心,,高中,常规体系,DSE,不区分,英语,,,,,,LP17652662451630,,,,,,,,香港国际教育旺角留学考试中心,香港国际教育旺角留学考试中心,"寒假,春季,暑假,秋季",,,,,2025,202512,2026,20263,202607,,,,3400,,,,3400,0,,,4,1080,240,960,120,,,高端,,,10202,1对1课时包
NULL,1248,香港国际教育,30,国外考试部,,2200037560,香港国际教育培训中心,,高中,常规体系,DSE,不区分,英语,,,,,,LP17618196341580,,,,,,,,香港国际教育旺角留学考试中心,香港国际教育旺角留学考试中心,"寒假,春季,暑假,秋季",,,,,2025,202512,2026,20263,202607,,,,3177.78,,,,3177.78,0,,,4,1080,240,480,600,,,高端,,,10202,1对1课时包
NULL,1248,香港国际教育,30,国外考试部,,2200037560,香港国际教育培训中心,,高中,常规体系,DSE,不区分,英语,,,,,,LP17618196341580,,,,,,,,香港国际教育旺角留学考试中心,香港国际教育旺角留学考试中心,"寒假,春季,暑假,秋季",,,,,2025,202512,2026,20263,202607,,,,3177.78,,,,3177.78,0,,,4,1080,240,480,600,,,高端,,,10202,1对1课时包
NULL,1248,香港国际教育,30,国外考试部,,2200037560,香港国际教育培训中心,,高中,常规体系,IELTS,不区分,写作,,,,,,LP17614648641389,,,,,,,,香港国际教育旺角留学考试中心,香港国际教育旺角留学考试中心,"寒假,春季,暑假,秋季",,,,,2025,202512,2026,20263,202607,,,,1588.89,,,,1588.89,0,,,2,1080,120,480,600,,,高端,,,10202,1对1课时包
NULL,1248,香港国际教育,30,国外考试部,,2200037560,香港国际教育培训中心,,高中,常规体系,IELTS,不区分,听力,,,,,,LP17614648641389,,,,,,,,香港国际教育旺角留学考试中心,香港国际教育旺角留学考试中心,"寒假,春季,暑假,秋季",,,,,2025,202512,2026,20263,202607,,,,1588.89,,,,1588.89,0,,,2,1080,120,480,600,,,高端,,,10202,1对1课时包
NULL,1248,香港国际教育,30,国外考试部,,2200037560,香港国际教育培训中心,,高中,常规体系,DSE,不区分,英语,,,,,,LP1759125351448,,,,,,,,香港国际教育旺角留学考试中心,香港国际教育旺角留学考试中心,"寒假,春季,暑假,秋季",,,,,2026,202601,2026,20263,202608,,,,1588.88,,,,1588.88,0,,,2,1080,120,1080,0,,,高端,,,10202,1对1课时包
NULL,1248,香港国际教育,30,国外考试部,,2200037560,香港国际教育培训中心,,高中,常规体系,DSE,不区分,英语,,,,,,LP17665720171775,,,,,,,,香港国际教育旺角留学考试中心,香港国际教育旺角留学考试中心,"寒假,春季,暑假,秋季",,,,,2026,202601,2026,20263,202608,,,,1700,,,,1700,0,,,2,600,120,600,0,,,高端,,,10202,1对1课时包
NULL,1248,香港国际教育,30,国外考试部,,2200037560,香港国际教育培训中心,,高中,常规体系,DSE,不区分,英语,,,,,,LP17665720171775,,,,,,,,香港国际教育旺角留学考试中心,香港国际教育旺角留学考试中心,"寒假,春季,暑假,秋季",,,,,2026,202601,2026,20263,202608,,,,1700,,,,1700,0,,,2,600,120,600,0,,,高端,,,10202,1对1课时包
NULL,1248,香港国际教育,30,国外考试部,,2200037560,香港国际教育培训中心,,高中,常规体系,DSE,不区分,英语,,,,,,LP17665720171775,,,,,,,,香港国际教育旺角留学考试中心,香港国际教育旺角留学考试中心,"寒假,春季,暑假,秋季",,,,,2026,202601,2026,20263,202608,,,,5100,,,,5100,0,,,6,600,360,600,0,,,高端,,,10202,1对1课时包
NULL,1248,香港国际教育,30,国外考试部,,2200037560,香港国际教育培训中心,,高中,常规体系,DSE,不区分,英语,,,,,,LP17618196341580,,,,,,,,香港国际教育旺角留学考试中心,香港国际教育旺角留学考试中心,"寒假,春季,暑假,秋季",,,,,2026,202601,2026,20263,202608,,,,1588.89,,,,1588.89,0,,,2,1080,120,840,240,,,高端,,,10202,1对1课时包
NULL,1248,香港国际教育,30,国外考试部,,2200037560,香港国际教育培训中心,,高中,常规体系,DSE,不区分,英语,,,,,,LP17618196341580,,,,,,,,香港国际教育旺角留学考试中心,香港国际教育旺角留学考试中心,"寒假,春季,暑假,秋季",,,,,2026,202601,2026,20263,202608,,,,1588.89,,,,1588.89,0,,,2,1080,120,840,240,,,高端,,,10202,1对1课时包
NULL,1248,香港国际教育,30,国外考试部,,2200037560,香港国际教育培训中心,,高中,常规体系,DSE,不区分,英语,,,,,,LP17618196341580,,,,,,,,香港国际教育旺角留学考试中心,香港国际教育旺角留学考试中心,"寒假,春季,暑假,秋季",,,,,2026,202601,2026,20263,202608,,,,1588.89,,,,1588.89,0,,,2,1080,120,840,240,,,高端,,,10202,1对1课时包
NULL,1248,香港国际教育,30,国外考试部,,2200037560,香港国际教育培训中心,,高中,常规体系,DSE,不区分,英语,,,,,,LP17670028451190,,,,,,,,香港国际教育旺角留学考试中心,香港国际教育旺角留学考试中心,"寒假,春季,暑假,秋季",,,,,2026,202601,2026,20263,202608,,,,1700,,,,1700,0,,,2,360,120,360,0,,,高端,,,10202,1对1课时包
NULL,1248,香港国际教育,30,国外考试部,,2200037560,香港国际教育培训中心,,高中,常规体系,DSE,不区分,英语,,,,,,LP17670028451190,,,,,,,,香港国际教育旺角留学考试中心,香港国际教育旺角留学考试中心,"寒假,春季,暑假,秋季",,,,,2026,202601,2026,20263,202608,,,,3400,,,,3400,0,,,4,360,240,360,0,,,高端,,,10202,1对1课时包
NULL,1248,香港国际教育,30,国外考试部,,2200037560,香港国际教育培训中心,,高中,常规体系,DSE,不区分,英语,,,,,,LP1767601530772,,,,,,,,香港国际教育旺角留学考试中心,香港国际教育旺角留学考试中心,"寒假,春季,暑假,秋季",,,,,2026,202601,2026,20263,202608,,,,1588.89,,,,1588.89,0,,,2,1080,120,840,240,,,高端,,,10202,1对1课时包
NULL,1248,香港国际教育,30,国外考试部,,2200037560,香港国际教育培训中心,,高中,常规体系,DSE,不区分,英语,,,,,,LP1767601530772,,,,,,,,香港国际教育旺角留学考试中心,香港国际教育旺角留学考试中心,"寒假,春季,暑假,秋季",,,,,2026,202601,2026,20263,202608,,,,1588.89,,,,1588.89,0,,,2,1080,120,840,240,,,高端,,,10202,1对1课时包
NULL,1248,香港国际教育,30,国外考试部,,2200037560,香港国际教育培训中心,,高中,常规体系,DSE,不区分,英语,,,,,,LP1767601530772,,,,,,,,香港国际教育旺角留学考试中心,香港国际教育旺角留学考试中心,"寒假,春季,暑假,秋季",,,,,2026,202601,2026,20263,202608,,,,3177.78,,,,3177.78,0,,,4,1080,240,840,240,,,高端,,,10202,1对1课时包
NULL,1248,香港国际教育,30,国外考试部,,2200037560,香港国际教育培训中心,,高中,常规体系,DSE,不区分,英语,,,,,,LP1767601530772,,,,,,,,香港国际教育旺角留学考试中心,香港国际教育旺角留学考试中心,"寒假,春季,暑假,秋季",,,,,2026,202601,2026,20263,202608,,,,4766.67,,,,4766.67,0,,,6,1080,360,840,240,,,高端,,,10202,1对1课时包
NULL,1248,香港国际教育,30,国外考试部,,2200037560,香港国际教育培训中心,,高中,常规体系,DSE,不区分,英语,,,,,,LP1766991656699,,,,,,,,香港国际教育旺角留学考试中心,香港国际教育旺角留学考试中心,"寒假,春季,暑假,秋季",,,,,2026,202601,2026,20263,202608,,,,4250,,,,4250,0,,,5,480,300,420,60,,,高端,,,10202,1对1课时包
NULL,1248,香港国际教育,30,国外考试部,,2200037560,香港国际教育培训中心,,高中,常规体系,DSE,不区分,英语,,,,,,LP1766991656699,,,,,,,,香港国际教育旺角留学考试中心,香港国际教育旺角留学考试中心,"寒假,春季,暑假,秋季",,,,,2026,202601,2026,20263,202608,,,,1700,,,,1700,0,,,2,480,120,420,60,,,高端,,,10202,1对1课时包
NULL,1248,香港国际教育,30,国外考试部,,2200037560,香港国际教育培训中心,,高中,常规体系,DSE,不区分,英语,,,,,,LP17675181451118,,,,,,,,香港国际教育旺角留学考试中心,香港国际教育旺角留学考试中心,"寒假,春季,暑假,秋季",,,,,2026,202601,2026,20263,202608,,,,1700,,,,1700,0,,,2,480,120,360,120,,,高端,,,10202,1对1课时包
NULL,1248,香港国际教育,30,国外考试部,,2200037560,香港国际教育培训中心,,高中,常规体系,DSE,不区分,英语,,,,,,LP17675181451118,,,,,,,,香港国际教育旺角留学考试中心,香港国际教育旺角留学考试中心,"寒假,春季,暑假,秋季",,,,,2026,202601,2026,20263,202608,,,,3400,,,,3400,0,,,4,480,240,360,120,,,高端,,,10202,1对1课时包
NULL,1248,香港国际教育,30,国外考试部,,2200037560,香港国际教育培训中心,,高中,常规体系,DSE,不区分,英语,,,,,,LP17696788451450,,,,,,,,香港国际教育旺角留学考试中心,香港国际教育旺角留学考试中心,"寒假,春季,暑假,秋季",,,,,2026,202602,2026,20263,202609,,,,1700,,,,1700,0,,,2,600,120,480,120,,,高端,,,10202,1对1课时包
NULL,1248,香港国际教育,30,国外考试部,,2200037560,香港国际教育培训中心,,高中,常规体系,DSE,不区分,英语,,,,,,LP17696788451450,,,,,,,,香港国际教育旺角留学考试中心,香港国际教育旺角留学考试中心,"寒假,春季,暑假,秋季",,,,,2026,202602,2026,20263,202609,,,,3400,,,,3400,0,,,4,600,240,480,120,,,高端,,,10202,1对1课时包
NULL,1248,香港国际教育,30,国外考试部,,2200037560,香港国际教育培训中心,,高中,常规体系,DSE,不区分,英语,,,,,,LP17696788451450,,,,,,,,香港国际教育旺角留学考试中心,香港国际教育旺角留学考试中心,"寒假,春季,暑假,秋季",,,,,2026,202602,2026,20263,202609,,,,1700,,,,1700,0,,,2,600,120,480,120,,,高端,,,10202,1对1课时包
NULL,1248,香港国际教育,30,国外考试部,,2200037560,香港国际教育培训中心,,高中,常规体系,IELTS,不区分,写作,,,,,,LP17614648641389,,,,,,,,香港国际教育旺角留学考试中心,香港国际教育旺角留学考试中心,"寒假,春季,暑假,秋季",,,,,2026,202601,2026,20263,202608,,,,1588.89,,,,1588.89,0,,,2,1080,120,840,240,,,高端,,,10202,1对1课时包
NULL,1248,香港国际教育,30,国外考试部,,2200037560,香港国际教育培训中心,,高中,常规体系,IELTS,不区分,口语,,,,,,LP17614648641389,,,,,,,,香港国际教育旺角留学考试中心,香港国际教育旺角留学考试中心,"寒假,春季,暑假,秋季",,,,,2026,202601,2026,20263,202608,,,,1588.89,,,,1588.89,0,,,2,1080,120,840,240,,,高端,,,10202,1对1课时包
NULL,1248,香港国际教育,30,国外考试部,,2200037560,香港国际教育培训中心,,高中,常规体系,IELTS,不区分,阅读,,,,,,LP17614648641389,,,,,,,,香港国际教育旺角留学考试中心,香港国际教育旺角留学考试中心,"寒假,春季,暑假,秋季",,,,,2026,202601,2026,20263,202608,,,,1588.89,,,,1588.89,0,,,2,1080,120,840,240,,,高端,,,10202,1对1课时包
NULL,1248,香港国际教育,30,国外考试部,,2200037560,香港国际教育培训中心,,高中,常规体系,IELTS,不区分,听力,,,,,,LP17614648641389,,,,,,,,香港国际教育旺角留学考试中心,香港国际教育旺角留学考试中心,"寒假,春季,暑假,秋季",,,,,2026,202602,2026,20263,202609,,,,1588.89,,,,1588.89,0,,,2,1080,120,960,120,,,高端,,,10202,1对1课时包
NULL,1248,香港国际教育,30,国外考试部,,2200037560,香港国际教育培训中心,,高中,常规体系,DSE,不区分,英语,,,,,,LP17618196341580,,,,,,,,香港国际教育旺角留学考试中心,香港国际教育旺角留学考试中心,"寒假,春季,暑假,秋季",,,,,2026,202603,2026,20264,202610,,,,3177.77,,,,3177.77,0,,,4,1080,240,1080,0,,,高端,,,10202,1对1课时包
NULL,1248,香港国际教育,30,国外考试部,,2200037560,香港国际教育培训中心,,高中,常规体系,DSE,不区分,英语,,,,,,LP17675181451118,,,,,,,,香港国际教育旺角留学考试中心,香港国际教育旺角留学考试中心,"寒假,春季,暑假,秋季",,,,,2026,202603,2026,20264,202610,,,,1700,,,,1700,0,,,2,480,120,480,0,,,高端,,,10202,1对1课时包
NULL,1248,香港国际教育,30,国外考试部,,2200037560,香港国际教育培训中心,,高中,常规体系,DSE,不区分,英语,,,,,,LP1767601530772,,,,,,,,香港国际教育旺角留学考试中心,香港国际教育旺角留学考试中心,"寒假,春季,暑假,秋季",,,,,2026,202604,2026,20264,202611,,,,1588.88,,,,1588.88,0,,,2,1080,120,1080,0,,,高端,,,10202,1对1课时包
NULL,1248,香港国际教育,30,国外考试部,,2200037560,香港国际教育培训中心,,高中,常规体系,DSE,不区分,英语,,,,,,LP1767601530772,,,,,,,,香港国际教育旺角留学考试中心,香港国际教育旺角留学考试中心,"寒假,春季,暑假,秋季",,,,,2026,202604,2026,20264,202611,,,,1588.89,,,,1588.89,0,,,2,1080,120,1080,0,,,高端,,,10202,1对1课时包
